;Data Name;Comment;Lv;380nm;381nm;382nm;383nm;384nm;385nm;386nm;387nm;388nm;389nm;390nm;391nm;392nm;393nm;394nm;395nm;396nm;397nm;398nm;399nm;400nm;401nm;402nm;403nm;404nm;405nm;406nm;407nm;408nm;409nm;410nm;411nm;412nm;413nm;414nm;415nm;416nm;417nm;418nm;419nm;420nm;421nm;422nm;423nm;424nm;425nm;426nm;427nm;428nm;429nm;430nm;431nm;432nm;433nm;434nm;435nm;436nm;437nm;438nm;439nm;440nm;441nm;442nm;443nm;444nm;445nm;446nm;447nm;448nm;449nm;450nm;451nm;452nm;453nm;454nm;455nm;456nm;457nm;458nm;459nm;460nm;461nm;462nm;463nm;464nm;465nm;466nm;467nm;468nm;469nm;470nm;471nm;472nm;473nm;474nm;475nm;476nm;477nm;478nm;479nm;480nm;481nm;482nm;483nm;484nm;485nm;486nm;487nm;488nm;489nm;490nm;491nm;492nm;493nm;494nm;495nm;496nm;497nm;498nm;499nm;500nm;501nm;502nm;503nm;504nm;505nm;506nm;507nm;508nm;509nm;510nm;511nm;512nm;513nm;514nm;515nm;516nm;517nm;518nm;519nm;520nm;521nm;522nm;523nm;524nm;525nm;526nm;527nm;528nm;529nm;530nm;531nm;532nm;533nm;534nm;535nm;536nm;537nm;538nm;539nm;540nm;541nm;542nm;543nm;544nm;545nm;546nm;547nm;548nm;549nm;550nm;551nm;552nm;553nm;554nm;555nm;556nm;557nm;558nm;559nm;560nm;561nm;562nm;563nm;564nm;565nm;566nm;567nm;568nm;569nm;570nm;571nm;572nm;573nm;574nm;575nm;576nm;577nm;578nm;579nm;580nm;581nm;582nm;583nm;584nm;585nm;586nm;587nm;588nm;589nm;590nm;591nm;592nm;593nm;594nm;595nm;596nm;597nm;598nm;599nm;600nm;601nm;602nm;603nm;604nm;605nm;606nm;607nm;608nm;609nm;610nm;611nm;612nm;613nm;614nm;615nm;616nm;617nm;618nm;619nm;620nm;621nm;622nm;623nm;624nm;625nm;626nm;627nm;628nm;629nm;630nm;631nm;632nm;633nm;634nm;635nm;636nm;637nm;638nm;639nm;640nm;641nm;642nm;643nm;644nm;645nm;646nm;647nm;648nm;649nm;650nm;651nm;652nm;653nm;654nm;655nm;656nm;657nm;658nm;659nm;660nm;661nm;662nm;663nm;664nm;665nm;666nm;667nm;668nm;669nm;670nm;671nm;672nm;673nm;674nm;675nm;676nm;677nm;678nm;679nm;680nm;681nm;682nm;683nm;684nm;685nm;686nm;687nm;688nm;689nm;690nm;691nm;692nm;693nm;694nm;695nm;696nm;697nm;698nm;699nm;700nm;701nm;702nm;703nm;704nm;705nm;706nm;707nm;708nm;709nm;710nm;711nm;712nm;713nm;714nm;715nm;716nm;717nm;718nm;719nm;720nm;721nm;722nm;723nm;724nm;725nm;726nm;727nm;728nm;729nm;730nm;731nm;732nm;733nm;734nm;735nm;736nm;737nm;738nm;739nm;740nm;741nm;742nm;743nm;744nm;745nm;746nm;747nm;748nm;749nm;750nm;751nm;752nm;753nm;754nm;755nm;756nm;757nm;758nm;759nm;760nm;761nm;762nm;763nm;764nm;765nm;766nm;767nm;768nm;769nm;770nm;771nm;772nm;773nm;774nm;775nm;776nm;777nm;778nm;779nm;780nm
53;53 (2018.07.09. 15:34:30);0;0;1,65E-07;3,90E-07;0,00E+00;0,00E+00;7,19E-08;2,02E-07;3,18E-07;2,63E-07;1,18E-08;3,79E-08;5,36E-08;0,00E+00;0,00E+00;7,02E-11;1,27E-07;7,58E-08;1,23E-07;0,00E+00;1,03E-08;5,82E-08;0,00E+00;2,57E-08;3,02E-08;4,26E-08;5,00E-08;1,46E-07;3,46E-08;5,81E-09;5,99E-09;0,00E+00;8,44E-08;1,88E-08;9,93E-08;8,29E-08;1,47E-08;4,92E-09;1,37E-10;1,60E-08;6,60E-08;1,53E-07;0,00E+00;0,00E+00;1,01E-07;5,74E-10;8,77E-09;3,74E-08;2,34E-08;2,68E-09;1,63E-08;4,80E-08;9,00E-09;0,00E+00;2,76E-08;2,80E-09;5,67E-08;2,47E-08;1,19E-08;4,06E-10;1,63E-08;5,93E-08;1,26E-08;2,85E-08;1,30E-08;0,00E+00;0,00E+00;1,75E-08;0,00E+00;2,90E-08;7,88E-09;3,53E-08;3,10E-08;3,27E-08;0,00E+00;3,14E-08;3,00E-08;4,88E-08;5,23E-08;4,62E-08;1,75E-08;6,39E-08;3,72E-08;3,04E-08;5,78E-08;3,31E-08;4,36E-08;1,75E-08;2,44E-08;8,53E-08;5,64E-08;4,86E-08;3,35E-08;4,45E-08;7,64E-08;5,20E-08;3,30E-08;1,55E-08;5,69E-08;6,09E-08;5,82E-08;6,42E-09;2,90E-08;4,19E-08;3,95E-08;6,88E-09;3,73E-08;4,33E-08;4,54E-08;4,66E-08;2,77E-08;4,85E-08;2,52E-08;7,72E-09;2,35E-08;4,70E-08;3,54E-08;9,68E-08;7,78E-10;6,14E-08;3,49E-08;0,00E+00;8,08E-08;3,99E-08;2,02E-08;5,98E-08;6,41E-08;7,46E-08;0,00E+00;1,21E-08;3,63E-08;8,69E-09;0,00E+00;1,42E-08;4,86E-09;0,00E+00;4,16E-08;8,36E-08;9,99E-09;4,44E-08;6,67E-09;1,68E-08;7,83E-09;2,46E-08;0,00E+00;4,92E-08;3,72E-08;2,83E-08;1,35E-08;5,44E-08;3,03E-08;3,98E-08;1,78E-08;1,66E-08;2,90E-08;0,00E+00;0,00E+00;4,32E-08;3,07E-08;5,73E-08;1,48E-08;2,16E-08;2,25E-08;6,70E-08;4,94E-09;2,63E-08;3,34E-08;1,95E-08;1,88E-08;2,23E-08;1,39E-08;2,50E-08;2,36E-08;2,57E-08;7,24E-09;3,40E-08;6,96E-08;4,64E-08;2,91E-08;3,61E-08;3,01E-09;1,67E-08;2,08E-08;3,39E-08;1,96E-08;4,72E-08;2,58E-08;3,47E-08;2,36E-09;9,36E-09;3,02E-08;4,11E-08;4,51E-08;3,06E-09;1,79E-08;8,81E-09;5,68E-08;2,61E-08;2,01E-08;4,58E-09;2,79E-08;5,25E-08;2,85E-08;4,03E-08;5,34E-08;1,30E-08;3,86E-11;3,52E-08;2,48E-08;3,65E-08;2,10E-08;3,44E-08;4,21E-08;2,91E-08;2,89E-08;1,36E-08;2,56E-08;2,01E-08;3,56E-09;8,14E-09;8,86E-09;2,01E-08;6,48E-08;3,53E-09;6,46E-08;4,76E-08;0,00E+00;5,62E-09;1,48E-08;1,89E-09;2,48E-08;2,51E-08;3,80E-08;4,57E-08;9,37E-08;5,02E-08;6,64E-08;5,25E-08;4,87E-08;3,47E-08;2,44E-09;2,95E-08;1,77E-08;9,49E-09;1,54E-08;5,36E-09;0,00E+00;6,62E-08;3,65E-08;3,56E-08;0,00E+00;1,39E-08;5,51E-08;2,65E-08;3,73E-08;8,94E-09;0,00E+00;1,29E-07;0,00E+00;1,32E-08;6,76E-08;2,52E-08;7,11E-08;5,43E-08;2,03E-08;3,35E-08;1,39E-08;3,07E-08;1,09E-09;7,78E-09;0,00E+00;2,04E-08;1,60E-08;1,57E-08;3,97E-08;4,03E-08;0,00E+00;2,24E-08;5,41E-08;1,33E-08;2,15E-08;5,63E-08;4,28E-08;9,75E-09;0,00E+00;0,00E+00;4,31E-08;6,42E-08;3,48E-08;5,08E-08;7,47E-08;4,49E-08;4,43E-08;2,64E-08;4,50E-08;2,40E-08;3,84E-08;2,27E-08;0,00E+00;0,00E+00;1,55E-08;2,39E-08;0,00E+00;3,17E-08;3,56E-08;4,49E-08;6,30E-08;1,14E-07;7,67E-08;1,15E-08;3,81E-09;3,80E-08;2,24E-09;5,49E-08;7,50E-09;3,40E-08;0,00E+00;0,00E+00;0,00E+00;0,00E+00;1,10E-08;3,46E-08;1,51E-08;6,01E-08;2,05E-08;4,30E-08;5,39E-08;3,41E-08;5,95E-08;2,87E-10;4,26E-09;4,19E-08;7,02E-08;9,73E-08;3,43E-08;1,17E-07;1,09E-07;6,42E-08;6,61E-08;6,35E-08;1,56E-08;6,18E-08;6,61E-08;9,12E-08;3,47E-08;5,38E-08;4,74E-08;1,34E-08;5,56E-08;5,62E-08;2,31E-08;0,00E+00;9,63E-08;8,06E-09;1,05E-07;1,13E-07;1,13E-07;8,47E-08;7,50E-08;3,76E-08;1,24E-07;1,65E-07;4,90E-08;3,94E-08;9,57E-08;1,56E-08;8,62E-08;1,53E-07;3,64E-08;5,03E-08;9,58E-08;1,30E-07;2,48E-07;1,92E-07;9,59E-08;1,29E-07;1,73E-07;4,27E-08;2,42E-07;2,20E-07;7,80E-08;1,09E-07;6,98E-08;1,21E-07;4,16E-08;1,38E-07;1,38E-07;6,84E-09;9,60E-08;6,11E-08;1,40E-07;2,66E-07;1,17E-07;2,30E-07;5,31E-08;2,04E-07;2,17E-07;1,78E-07;1,01E-07;2,61E-07;1,33E-07;1,26E-07;3,28E-07
54;54 (2018.07.09. 15:35:52);5;0;0,00E+00;1,11E-07;7,07E-08;1,59E-07;6,66E-08;5,58E-09;2,22E-08;8,65E-08;4,48E-08;4,98E-08;0,00E+00;2,45E-07;1,41E-07;8,88E-08;2,25E-08;0,00E+00;4,08E-10;4,84E-08;3,59E-08;2,21E-08;4,57E-09;2,47E-08;4,47E-08;2,02E-09;3,12E-08;7,06E-08;9,15E-08;1,17E-08;2,32E-08;1,00E-07;2,18E-08;0,00E+00;0,00E+00;3,89E-08;1,38E-07;6,47E-08;5,03E-08;9,59E-08;3,50E-08;6,48E-10;3,71E-08;2,77E-08;1,79E-08;2,08E-08;0,00E+00;7,44E-09;2,09E-08;0,00E+00;2,34E-08;7,28E-09;1,09E-07;2,53E-08;0,00E+00;0,00E+00;2,76E-08;6,72E-08;9,57E-09;4,26E-08;7,80E-08;1,24E-08;0,00E+00;1,80E-08;1,30E-08;1,65E-08;4,88E-08;1,71E-09;2,26E-08;1,15E-08;7,96E-09;5,30E-08;4,84E-08;5,10E-08;1,70E-08;6,24E-09;4,10E-08;2,29E-08;2,39E-09;1,26E-09;2,93E-08;2,07E-08;3,48E-08;5,26E-08;7,20E-09;7,24E-09;0,00E+00;5,75E-08;2,74E-08;2,24E-08;3,98E-08;1,11E-07;2,96E-08;4,95E-08;4,22E-08;1,13E-08;9,65E-09;7,10E-08;5,96E-08;7,88E-09;8,74E-08;0,00E+00;0,00E+00;6,48E-08;8,80E-08;2,25E-09;1,22E-08;6,51E-08;6,84E-08;1,28E-09;1,17E-07;7,40E-08;6,14E-08;1,47E-08;2,83E-09;1,77E-08;1,00E-08;3,89E-09;0,00E+00;4,01E-08;2,58E-08;1,46E-08;5,98E-08;1,80E-08;3,14E-08;1,33E-08;3,36E-08;2,06E-08;3,95E-08;2,67E-08;1,58E-08;0,00E+00;9,09E-08;1,96E-08;2,62E-08;4,80E-08;1,91E-08;7,79E-09;6,29E-09;0,00E+00;0,00E+00;2,82E-08;1,57E-09;0,00E+00;1,87E-08;5,51E-08;6,34E-08;2,33E-08;2,95E-08;2,81E-08;1,03E-08;2,01E-09;3,78E-08;0,00E+00;2,05E-09;1,02E-08;4,13E-09;0,00E+00;6,11E-09;1,31E-08;2,61E-08;8,50E-09;1,88E-08;0,00E+00;2,45E-09;4,01E-08;5,59E-08;6,16E-08;1,02E-08;2,24E-08;4,06E-08;3,48E-08;3,33E-08;4,24E-08;3,86E-08;4,63E-08;2,10E-08;2,08E-08;2,30E-08;1,85E-08;1,29E-08;9,01E-08;5,75E-08;5,83E-08;5,50E-08;2,43E-08;3,34E-08;2,65E-08;3,40E-08;8,22E-09;0,00E+00;5,29E-09;6,16E-09;3,24E-08;1,42E-08;1,70E-08;6,39E-08;3,06E-08;9,39E-09;8,74E-09;2,33E-08;6,53E-08;3,85E-08;3,02E-08;1,26E-08;2,02E-08;2,03E-08;5,69E-08;3,38E-08;6,42E-08;1,60E-08;2,01E-08;2,54E-08;4,25E-09;7,00E-09;1,50E-08;4,79E-08;3,59E-08;2,93E-08;2,95E-08;0,00E+00;5,25E-08;4,70E-08;8,74E-10;1,52E-08;9,42E-09;1,30E-08;1,75E-08;1,55E-09;2,84E-09;3,73E-08;0,00E+00;1,81E-08;9,47E-09;7,09E-08;4,18E-08;6,53E-08;2,30E-09;4,75E-09;3,43E-08;4,88E-08;6,92E-09;2,60E-08;5,16E-09;3,36E-08;0,00E+00;4,62E-09;8,74E-09;8,86E-09;1,04E-07;2,77E-08;1,54E-08;2,72E-08;4,83E-08;1,08E-08;5,92E-09;5,57E-08;3,20E-08;7,83E-10;1,68E-08;2,39E-09;9,54E-09;9,71E-09;4,34E-09;0,00E+00;0,00E+00;0,00E+00;5,14E-08;2,25E-09;3,04E-08;4,45E-08;5,21E-09;0,00E+00;2,41E-08;7,93E-08;1,14E-09;3,86E-08;6,01E-08;2,64E-08;1,48E-08;3,16E-09;5,91E-08;6,29E-08;0,00E+00;1,01E-08;3,91E-08;2,97E-08;2,16E-08;0,00E+00;9,34E-09;1,13E-08;3,97E-08;1,51E-08;0,00E+00;2,47E-08;1,31E-08;9,13E-08;7,80E-08;0,00E+00;1,25E-08;4,39E-08;3,27E-08;1,87E-08;7,12E-08;2,61E-08;3,33E-08;6,05E-08;1,09E-08;2,90E-08;3,50E-08;3,83E-08;5,16E-08;2,80E-09;5,55E-08;1,92E-08;5,22E-08;5,42E-08;3,87E-08;7,89E-09;1,20E-08;1,00E-09;4,04E-09;7,01E-08;1,83E-08;3,59E-08;0,00E+00;4,09E-08;2,43E-08;3,54E-08;9,01E-08;3,47E-08;8,80E-09;2,53E-08;0,00E+00;4,80E-08;1,89E-08;5,69E-08;5,05E-08;1,84E-09;4,07E-08;7,04E-08;2,75E-08;1,79E-08;1,03E-08;6,12E-08;5,43E-08;8,29E-08;1,67E-08;8,94E-08;6,65E-08;3,38E-08;1,67E-08;3,61E-08;3,02E-09;2,70E-09;3,66E-08;3,17E-08;5,76E-08;8,89E-08;5,81E-08;1,64E-08;6,25E-08;6,86E-08;1,05E-07;1,70E-07;1,16E-07;1,08E-07;1,71E-07;1,17E-07;7,78E-08;7,52E-10;1,13E-07;2,25E-07;1,47E-07;8,23E-08;7,17E-08;1,96E-07;1,56E-07;1,32E-07;2,20E-07;6,22E-08;1,72E-08;1,38E-07;3,02E-07;1,04E-07;0,00E+00;1,78E-07;1,23E-07;6,18E-08;1,88E-07;1,29E-07;1,95E-07;9,33E-08;1,47E-07;3,09E-07;2,47E-07;1,22E-07;1,20E-07;2,57E-07;2,61E-07;7,92E-08;1,55E-07;3,01E-07
55;55 (2018.07.09. 15:36:46);10;0;7,62E-08;4,01E-08;7,43E-08;2,17E-07;0,00E+00;3,74E-08;1,03E-07;6,87E-08;0,00E+00;4,93E-08;4,52E-08;0,00E+00;1,32E-08;9,36E-08;0,00E+00;7,17E-08;7,25E-08;8,55E-08;0,00E+00;6,59E-10;3,35E-08;1,12E-07;2,17E-08;1,03E-09;1,23E-08;3,08E-11;1,43E-09;6,05E-08;2,26E-08;8,60E-10;5,89E-08;0,00E+00;0,00E+00;4,17E-11;1,51E-08;1,23E-07;2,59E-08;7,98E-09;8,56E-09;6,19E-10;1,25E-08;3,28E-08;4,73E-08;2,08E-08;0,00E+00;0,00E+00;1,08E-07;3,55E-08;1,96E-08;0,00E+00;4,74E-08;0,00E+00;6,68E-09;9,77E-09;0,00E+00;1,48E-08;6,17E-08;1,07E-07;6,62E-09;4,10E-08;2,78E-08;0,00E+00;3,19E-09;4,05E-09;0,00E+00;5,16E-09;5,14E-08;1,54E-08;0,00E+00;7,17E-08;1,98E-08;3,86E-08;4,46E-09;5,18E-08;1,33E-08;5,00E-08;8,51E-09;1,49E-08;2,94E-08;4,48E-08;7,91E-09;5,93E-08;5,57E-08;4,32E-08;4,83E-08;7,34E-08;1,37E-08;0,00E+00;0,00E+00;9,70E-09;6,72E-09;0,00E+00;5,46E-08;5,21E-08;8,03E-09;1,16E-08;6,45E-08;2,55E-08;1,93E-08;1,94E-08;7,06E-08;1,61E-08;0,00E+00;5,92E-08;1,98E-08;5,67E-08;6,40E-08;1,84E-08;2,20E-08;9,25E-08;3,16E-08;8,77E-08;4,23E-08;1,17E-08;0,00E+00;2,07E-08;4,40E-08;2,42E-08;2,46E-08;2,32E-08;2,44E-09;6,38E-08;8,95E-09;1,79E-08;0,00E+00;2,90E-08;2,69E-09;3,49E-08;1,97E-08;0,00E+00;0,00E+00;5,94E-08;5,09E-08;6,58E-08;4,41E-08;1,61E-08;4,21E-08;1,47E-08;4,10E-09;2,43E-08;1,25E-09;9,71E-09;2,46E-08;4,14E-08;3,40E-08;2,17E-08;8,66E-09;3,98E-08;2,16E-08;2,49E-08;3,33E-08;1,59E-08;2,82E-08;1,02E-08;6,71E-09;3,15E-08;2,85E-08;4,11E-08;2,23E-08;4,21E-09;1,76E-08;6,50E-09;1,39E-08;3,88E-08;5,54E-08;5,37E-08;5,72E-08;6,09E-08;4,61E-08;4,41E-08;4,26E-08;5,62E-09;5,80E-08;0,00E+00;1,32E-08;3,06E-08;6,76E-09;8,69E-08;1,48E-09;1,19E-08;1,49E-08;2,20E-08;3,93E-08;4,07E-08;1,82E-08;7,01E-08;3,05E-08;4,07E-09;5,71E-09;2,67E-08;4,23E-08;2,53E-08;2,24E-08;3,27E-08;1,49E-08;4,75E-08;4,35E-08;1,15E-08;3,92E-08;5,21E-08;2,66E-08;1,50E-08;1,68E-08;5,12E-09;2,71E-08;5,92E-08;3,20E-08;4,36E-08;1,21E-08;1,32E-08;7,24E-09;4,50E-08;3,63E-08;3,24E-08;2,09E-08;1,22E-08;8,00E-08;4,24E-08;2,05E-08;3,30E-09;6,40E-09;0,00E+00;9,85E-09;3,14E-08;2,06E-08;6,01E-08;7,05E-09;4,26E-09;6,67E-08;6,08E-08;5,42E-08;5,64E-08;3,07E-08;5,82E-08;5,99E-09;3,52E-08;1,32E-08;3,52E-09;5,75E-09;4,58E-08;2,71E-08;4,55E-08;4,93E-08;4,66E-08;3,09E-08;5,66E-09;8,22E-08;9,47E-08;4,47E-08;1,57E-08;7,70E-08;4,04E-08;2,45E-08;4,26E-08;3,28E-08;4,77E-08;9,66E-08;2,52E-08;1,78E-08;7,42E-08;4,83E-08;3,24E-08;5,81E-08;1,45E-08;1,09E-07;1,12E-08;1,11E-08;1,60E-08;7,24E-09;3,09E-08;1,59E-08;1,60E-08;3,02E-08;5,03E-08;1,82E-08;7,22E-08;0,00E+00;0,00E+00;0,00E+00;0,00E+00;2,93E-08;0,00E+00;2,02E-09;1,39E-08;1,16E-08;0,00E+00;5,47E-08;9,54E-09;3,21E-08;3,53E-08;7,56E-08;0,00E+00;3,70E-08;3,50E-08;3,67E-09;0,00E+00;1,29E-07;0,00E+00;1,94E-08;5,06E-08;1,87E-08;1,03E-07;3,35E-08;7,73E-08;5,54E-08;3,46E-08;0,00E+00;1,75E-08;3,45E-08;6,17E-09;2,21E-08;9,04E-08;5,43E-08;7,45E-08;2,83E-08;1,66E-08;2,37E-08;1,71E-08;8,92E-08;2,31E-09;4,01E-08;3,66E-09;4,31E-08;4,04E-08;4,91E-08;1,75E-08;5,65E-08;2,06E-07;0,00E+00;5,87E-09;3,51E-08;2,67E-08;0,00E+00;3,89E-08;7,41E-08;1,22E-09;6,61E-08;6,95E-09;3,10E-08;1,84E-08;4,31E-08;6,60E-08;6,72E-09;0,00E+00;0,00E+00;3,35E-09;8,93E-09;6,67E-09;5,78E-09;1,03E-08;2,58E-09;1,24E-07;1,86E-08;7,62E-08;9,32E-08;8,90E-08;3,87E-08;1,42E-07;1,06E-07;6,95E-09;4,28E-08;1,68E-07;1,65E-08;3,77E-08;2,80E-08;8,58E-08;1,70E-07;1,05E-07;1,15E-07;2,11E-08;1,76E-07;1,29E-07;1,00E-07;3,58E-08;2,00E-08;8,69E-08;2,11E-07;2,03E-09;1,17E-07;2,61E-07;1,30E-07;7,23E-08;2,04E-07;1,47E-07;1,02E-07;1,20E-08;1,55E-07;6,22E-08;1,37E-07;1,10E-07;1,43E-07;1,46E-07;2,42E-08;2,63E-07;2,08E-07;1,39E-07;2,84E-07;2,41E-07;1,42E-07;2,00E-07;1,85E-07
56;56 (2018.07.09. 15:37:44);15;0;4,32E-08;7,40E-08;1,60E-07;6,32E-08;3,30E-08;1,50E-07;0,00E+00;1,82E-07;0,00E+00;6,79E-08;4,91E-08;2,03E-07;8,75E-08;1,11E-08;0,00E+00;0,00E+00;3,83E-08;1,08E-07;9,68E-08;7,93E-08;9,87E-08;5,38E-08;3,23E-08;1,84E-08;0,00E+00;2,62E-08;0,00E+00;3,51E-08;5,80E-08;8,27E-10;0,00E+00;0,00E+00;1,28E-08;6,19E-09;1,35E-08;0,00E+00;3,53E-08;6,55E-08;4,47E-08;1,59E-09;5,39E-08;0,00E+00;0,00E+00;1,09E-08;6,33E-08;4,50E-08;1,08E-07;0,00E+00;2,28E-08;7,07E-09;9,37E-08;0,00E+00;1,29E-08;2,89E-08;3,98E-08;0,00E+00;0,00E+00;8,21E-09;2,77E-08;9,18E-08;3,21E-08;6,66E-08;6,71E-08;9,81E-08;1,14E-07;8,94E-08;6,47E-08;1,34E-07;1,34E-07;1,64E-07;1,86E-07;2,29E-07;2,59E-07;2,84E-07;2,68E-07;3,24E-07;3,23E-07;4,45E-07;4,84E-07;4,90E-07;5,63E-07;6,11E-07;5,89E-07;6,52E-07;6,78E-07;5,77E-07;6,68E-07;6,77E-07;6,19E-07;5,77E-07;6,55E-07;5,88E-07;5,28E-07;4,72E-07;4,63E-07;4,35E-07;4,41E-07;4,75E-07;4,32E-07;3,76E-07;3,26E-07;2,84E-07;3,48E-07;2,13E-07;2,76E-07;2,10E-07;2,11E-07;2,52E-07;2,11E-07;2,33E-07;1,65E-07;1,37E-07;1,98E-07;1,82E-07;1,24E-07;8,81E-08;1,73E-08;1,01E-07;6,04E-08;5,85E-08;1,10E-08;9,26E-08;8,85E-08;1,04E-07;5,17E-08;2,40E-08;6,45E-08;4,93E-08;6,92E-08;6,87E-08;5,54E-08;5,90E-08;4,08E-08;8,68E-08;4,56E-08;7,54E-08;1,22E-08;0,00E+00;0,00E+00;1,10E-08;3,58E-08;7,32E-09;3,02E-08;2,95E-09;3,28E-08;1,52E-08;3,42E-08;2,07E-08;1,03E-08;2,36E-08;1,49E-08;0,00E+00;1,99E-09;3,27E-09;0,00E+00;4,30E-08;3,19E-08;8,34E-09;4,76E-08;4,92E-08;1,56E-08;3,34E-08;4,86E-08;7,26E-09;4,14E-08;3,40E-08;3,78E-08;4,07E-08;5,32E-08;7,61E-08;5,87E-08;4,20E-09;2,23E-08;5,55E-08;1,58E-08;2,92E-08;2,43E-08;3,00E-08;1,47E-09;1,18E-08;2,08E-08;9,75E-09;4,08E-08;6,51E-10;3,30E-08;5,42E-08;1,48E-08;1,90E-08;3,07E-08;7,64E-09;1,27E-08;1,96E-08;2,54E-08;2,49E-09;2,19E-08;5,38E-08;3,93E-08;2,23E-08;2,99E-08;2,08E-09;4,35E-08;2,46E-08;4,99E-09;0,00E+00;2,70E-08;4,52E-08;2,45E-09;2,97E-09;2,05E-08;2,79E-08;1,49E-08;1,46E-08;1,06E-08;6,62E-09;1,26E-08;2,74E-08;1,70E-09;3,61E-08;2,94E-08;0,00E+00;3,49E-08;7,94E-08;5,67E-09;4,44E-08;5,11E-08;2,28E-08;3,10E-09;9,26E-10;3,00E-08;5,56E-08;7,10E-09;1,75E-08;1,76E-08;3,33E-08;3,47E-08;4,72E-08;4,56E-08;1,59E-08;4,56E-08;9,67E-09;8,45E-09;6,96E-08;5,18E-08;6,63E-08;4,87E-08;0,00E+00;4,37E-08;3,00E-08;6,45E-08;3,62E-08;1,95E-08;4,00E-09;1,46E-08;1,24E-08;3,35E-08;2,79E-09;7,70E-10;1,65E-08;0,00E+00;1,43E-08;5,44E-08;3,16E-08;6,54E-09;1,79E-08;2,05E-08;4,10E-08;0,00E+00;4,73E-09;1,35E-08;4,85E-09;3,80E-09;0,00E+00;0,00E+00;9,23E-08;4,05E-08;1,16E-07;5,41E-08;1,33E-08;2,86E-08;6,67E-08;4,40E-09;0,00E+00;6,05E-09;2,82E-08;1,64E-08;1,69E-08;5,69E-09;3,74E-08;6,43E-08;5,57E-08;5,52E-08;4,20E-08;8,53E-08;3,27E-08;0,00E+00;3,20E-08;6,28E-08;3,32E-08;2,17E-08;0,00E+00;6,52E-09;1,91E-08;3,71E-09;0,00E+00;1,16E-07;3,46E-08;1,25E-08;1,69E-08;0,00E+00;0,00E+00;7,73E-08;1,23E-07;3,93E-08;1,29E-08;5,19E-08;4,03E-08;3,96E-08;1,02E-08;3,31E-08;0,00E+00;0,00E+00;3,66E-09;3,80E-08;4,13E-08;7,79E-08;4,57E-08;1,05E-07;1,29E-07;3,75E-08;4,07E-08;5,89E-08;5,01E-08;9,52E-08;9,01E-08;5,58E-08;1,01E-09;6,61E-08;6,35E-08;1,56E-08;4,81E-08;3,13E-08;1,24E-07;5,21E-08;6,65E-08;3,27E-08;1,25E-07;0,00E+00;1,33E-08;1,16E-08;0,00E+00;0,00E+00;0,00E+00;2,91E-08;2,13E-08;7,28E-08;6,71E-08;0,00E+00;3,28E-08;1,02E-08;0,00E+00;1,21E-07;1,75E-07;1,32E-07;0,00E+00;6,01E-08;1,22E-07;7,20E-08;1,41E-07;9,67E-08;1,80E-07;1,68E-07;7,71E-08;1,60E-07;3,59E-08;0,00E+00;1,22E-07;1,30E-08;2,43E-07;9,45E-08;1,04E-07;8,96E-08;1,21E-07;1,37E-07;2,02E-07;7,42E-08;8,54E-09;1,28E-07;8,00E-08;9,50E-08;2,15E-07;3,13E-07;3,54E-07;3,28E-07;4,51E-07;4,96E-07;1,08E-07;9,31E-08;1,34E-07;1,08E-07;1,63E-07;1,15E-07
57;57 (2018.07.09. 15:38:36);20;0,01;1,66E-10;1,81E-07;1,61E-07;1,84E-07;0,00E+00;2,26E-08;1,68E-07;2,97E-08;1,02E-08;3,23E-08;0,00E+00;8,47E-08;8,07E-08;1,08E-07;9,22E-08;1,02E-08;1,25E-07;1,18E-08;5,06E-08;0,00E+00;0,00E+00;0,00E+00;1,19E-08;4,11E-08;8,46E-08;6,27E-08;0,00E+00;1,62E-08;1,67E-08;1,15E-08;5,77E-08;3,60E-08;6,59E-08;0,00E+00;2,77E-08;3,88E-08;0,00E+00;2,97E-08;2,81E-08;5,72E-08;4,88E-09;7,82E-09;0,00E+00;4,34E-10;2,53E-09;1,77E-08;8,73E-10;5,56E-08;2,86E-08;2,26E-09;1,18E-08;7,86E-08;1,06E-07;1,92E-08;1,53E-07;1,66E-07;1,77E-07;1,81E-07;1,71E-07;2,14E-07;2,71E-07;4,24E-07;3,67E-07;3,62E-07;4,75E-07;5,36E-07;5,91E-07;7,30E-07;8,08E-07;9,75E-07;1,11E-06;1,30E-06;1,46E-06;1,68E-06;1,91E-06;2,15E-06;2,43E-06;2,72E-06;3,02E-06;3,24E-06;3,47E-06;3,73E-06;3,82E-06;3,87E-06;3,89E-06;3,88E-06;3,76E-06;3,66E-06;3,58E-06;3,41E-06;3,22E-06;3,03E-06;2,83E-06;2,72E-06;2,45E-06;2,35E-06;2,19E-06;2,05E-06;1,90E-06;1,72E-06;1,58E-06;1,51E-06;1,31E-06;1,24E-06;1,19E-06;1,04E-06;9,53E-07;8,13E-07;8,06E-07;7,48E-07;6,92E-07;5,84E-07;5,63E-07;4,87E-07;4,66E-07;4,59E-07;3,50E-07;3,57E-07;3,46E-07;3,41E-07;2,86E-07;2,71E-07;1,86E-07;2,21E-07;2,03E-07;1,90E-07;1,89E-07;1,23E-07;1,27E-07;1,19E-07;1,32E-07;1,11E-07;1,12E-07;8,23E-08;9,31E-08;1,43E-07;1,17E-07;6,13E-08;9,93E-08;8,60E-08;2,27E-08;5,36E-08;6,37E-08;4,52E-08;6,93E-08;7,76E-08;8,06E-08;2,69E-08;4,44E-08;2,27E-08;3,15E-08;6,19E-08;4,92E-08;2,76E-09;0,00E+00;4,83E-08;7,50E-08;7,16E-09;2,92E-08;1,19E-08;5,45E-08;7,71E-11;3,60E-08;5,19E-08;4,05E-08;6,56E-08;1,59E-08;4,73E-09;3,65E-09;3,41E-08;6,46E-08;4,02E-08;2,53E-08;4,41E-08;3,01E-08;2,39E-08;5,51E-08;8,35E-08;3,68E-09;2,95E-08;2,05E-08;2,35E-08;1,90E-08;6,53E-08;4,67E-08;2,10E-09;2,12E-09;2,34E-08;1,45E-09;3,08E-08;2,70E-08;9,13E-09;5,82E-08;1,59E-08;1,21E-09;2,59E-08;4,84E-08;1,83E-08;1,05E-08;5,17E-08;1,95E-08;1,46E-08;3,76E-08;4,60E-08;4,05E-08;3,64E-08;5,34E-08;4,32E-08;7,25E-09;5,46E-09;8,64E-09;3,25E-08;3,55E-08;2,83E-08;3,49E-08;5,14E-08;4,43E-08;0,00E+00;0,00E+00;1,69E-08;1,65E-09;1,11E-07;4,49E-08;9,17E-09;0,00E+00;3,42E-08;2,54E-08;6,69E-08;8,78E-09;5,55E-08;8,11E-08;5,85E-08;2,77E-08;2,70E-11;5,97E-08;1,17E-08;2,52E-08;2,61E-08;1,17E-08;2,44E-08;9,62E-08;2,41E-08;1,97E-08;5,76E-08;3,07E-08;6,00E-08;5,62E-08;2,90E-08;5,39E-08;7,23E-09;1,19E-08;5,96E-08;4,84E-08;5,82E-09;0,00E+00;0,00E+00;9,51E-08;2,85E-09;3,74E-08;7,62E-08;4,10E-08;4,73E-08;4,77E-08;9,55E-09;1,77E-08;2,26E-10;8,39E-08;4,68E-09;2,81E-08;2,18E-08;0,00E+00;7,27E-08;8,55E-08;2,02E-08;8,00E-09;0,00E+00;0,00E+00;1,17E-08;7,07E-08;4,24E-08;6,04E-08;7,17E-08;5,45E-08;4,29E-08;0,00E+00;1,26E-08;5,69E-09;0,00E+00;0,00E+00;5,16E-09;2,27E-08;3,31E-08;3,31E-08;6,13E-08;2,38E-08;1,10E-08;7,05E-08;8,57E-09;3,88E-09;5,97E-09;0,00E+00;0,00E+00;2,82E-08;8,87E-10;3,78E-09;2,60E-08;8,32E-09;4,04E-08;6,52E-08;1,23E-08;0,00E+00;2,40E-08;2,95E-08;0,00E+00;0,00E+00;1,26E-08;1,59E-08;3,08E-08;2,51E-08;1,15E-09;2,22E-08;1,59E-08;4,01E-08;2,89E-08;2,45E-08;4,77E-08;1,42E-07;7,78E-08;6,49E-08;5,03E-08;2,74E-08;9,64E-08;6,81E-08;9,45E-09;0,00E+00;6,08E-10;3,30E-08;2,78E-08;6,77E-08;6,14E-09;8,62E-08;3,91E-08;1,34E-09;6,72E-08;6,09E-08;3,38E-08;9,23E-08;7,77E-08;4,58E-08;1,11E-07;6,19E-08;5,82E-08;5,04E-08;1,10E-07;0,00E+00;1,46E-08;8,66E-08;5,29E-08;1,85E-07;1,57E-07;1,30E-07;3,76E-08;6,89E-08;9,09E-08;1,42E-07;1,65E-07;2,07E-07;9,30E-08;7,52E-10;1,04E-07;1,68E-07;1,95E-07;1,10E-07;4,48E-08;2,00E-08;5,22E-08;1,27E-07;6,09E-09;2,46E-07;5,17E-08;1,84E-08;1,09E-07;1,15E-07;2,35E-08;0,00E+00;1,61E-07;2,14E-07;1,15E-07;1,95E-07;1,91E-07;1,59E-07;6,60E-08;1,75E-07;2,13E-07;1,48E-08;1,97E-07;1,97E-07;1,61E-07;2,75E-07;1,68E-07;1,74E-08
58;58 (2018.07.09. 15:41:00);25;0,02;1,11E-07;1,03E-08;7,04E-09;2,24E-07;2,65E-07;3,31E-07;1,33E-07;1,31E-07;2,68E-07;0,00E+00;2,12E-08;1,31E-08;5,13E-08;8,38E-08;2,64E-08;8,45E-08;1,40E-08;1,53E-07;5,11E-08;1,08E-08;8,05E-09;6,49E-08;1,29E-08;2,79E-08;4,12E-08;4,13E-08;5,88E-08;5,11E-08;1,28E-08;1,34E-07;0,00E+00;3,80E-08;3,15E-08;0,00E+00;5,19E-08;1,74E-08;2,80E-08;8,61E-08;3,16E-08;5,63E-08;9,23E-08;2,38E-08;3,23E-08;3,12E-08;4,32E-08;8,29E-08;1,01E-07;7,92E-08;9,94E-08;1,80E-07;2,18E-07;2,22E-07;2,71E-07;3,13E-07;3,94E-07;4,40E-07;4,12E-07;5,28E-07;6,30E-07;7,38E-07;8,70E-07;1,06E-06;1,15E-06;1,42E-06;1,54E-06;1,73E-06;2,13E-06;2,47E-06;2,76E-06;3,18E-06;3,71E-06;4,31E-06;5,01E-06;5,66E-06;6,41E-06;7,23E-06;8,07E-06;8,89E-06;9,67E-06;1,04E-05;1,09E-05;1,14E-05;1,16E-05;1,16E-05;1,16E-05;1,13E-05;1,10E-05;1,05E-05;9,95E-06;9,44E-06;8,82E-06;8,25E-06;7,69E-06;7,18E-06;6,71E-06;6,24E-06;5,78E-06;5,38E-06;4,99E-06;4,60E-06;4,22E-06;3,85E-06;3,51E-06;3,25E-06;2,96E-06;2,69E-06;2,46E-06;2,21E-06;2,09E-06;1,85E-06;1,66E-06;1,47E-06;1,39E-06;1,23E-06;1,14E-06;1,04E-06;9,27E-07;8,55E-07;8,24E-07;7,25E-07;6,56E-07;5,67E-07;5,18E-07;4,85E-07;3,97E-07;4,02E-07;3,93E-07;3,37E-07;2,89E-07;2,89E-07;2,27E-07;2,64E-07;2,08E-07;1,82E-07;2,29E-07;1,06E-07;1,62E-07;1,64E-07;1,31E-07;1,50E-07;1,30E-07;1,08E-07;1,20E-07;1,07E-07;1,24E-07;9,13E-08;1,40E-07;4,35E-08;9,17E-08;8,64E-08;9,26E-08;7,00E-08;4,71E-08;5,56E-08;7,83E-08;1,24E-08;4,77E-08;5,86E-08;3,48E-08;7,62E-08;6,71E-08;9,11E-08;7,72E-08;8,65E-08;8,04E-08;4,79E-08;1,85E-08;6,01E-08;6,46E-08;7,35E-08;3,05E-08;5,05E-08;2,53E-08;5,98E-08;5,43E-08;3,59E-08;3,81E-08;3,49E-08;1,00E-08;1,01E-08;3,99E-08;2,30E-08;2,39E-08;2,88E-08;4,32E-08;2,25E-08;3,72E-08;2,56E-08;1,69E-08;1,41E-09;7,24E-09;1,55E-08;9,58E-09;1,55E-08;6,88E-08;4,07E-08;4,93E-08;5,83E-08;4,02E-08;4,49E-08;4,70E-08;5,24E-08;3,14E-08;1,29E-08;2,57E-08;6,71E-08;4,89E-08;7,18E-08;5,33E-08;1,48E-08;1,57E-08;5,26E-08;3,90E-08;1,89E-08;3,39E-09;9,58E-08;1,07E-08;3,65E-08;1,09E-08;3,40E-08;7,92E-08;3,21E-08;6,51E-08;2,31E-08;2,66E-08;2,79E-08;3,79E-09;8,42E-09;4,22E-08;6,14E-08;6,75E-08;4,70E-08;2,55E-08;5,70E-08;4,68E-08;6,03E-08;6,45E-09;3,03E-08;1,24E-08;1,36E-08;1,66E-08;2,95E-09;4,41E-08;7,12E-08;2,15E-08;1,72E-08;3,93E-08;3,86E-09;5,27E-08;6,78E-09;7,68E-08;9,11E-08;0,00E+00;0,00E+00;1,52E-08;9,50E-09;9,03E-09;7,53E-09;0,00E+00;6,85E-09;2,87E-08;4,57E-08;5,06E-08;1,91E-08;1,20E-09;9,40E-09;8,40E-09;4,60E-09;1,31E-08;0,00E+00;3,26E-08;2,81E-08;2,06E-09;9,19E-09;1,63E-08;9,66E-08;5,78E-08;1,17E-08;1,35E-08;3,57E-08;1,23E-08;1,32E-08;5,04E-08;4,55E-08;3,37E-08;2,32E-08;4,76E-08;6,82E-09;1,03E-09;6,64E-08;5,29E-08;6,14E-08;6,15E-08;4,60E-08;2,93E-08;6,50E-10;7,39E-08;4,43E-08;2,89E-08;2,59E-08;4,94E-08;6,07E-08;1,11E-08;0,00E+00;1,13E-08;1,95E-08;2,90E-08;1,17E-08;7,62E-09;0,00E+00;5,52E-08;2,01E-09;3,32E-08;2,02E-08;3,07E-08;3,40E-08;5,14E-08;3,41E-08;1,30E-08;4,04E-09;7,01E-08;3,29E-08;9,04E-08;2,89E-08;3,27E-08;1,17E-08;7,91E-08;1,16E-07;5,78E-08;0,00E+00;1,37E-08;5,76E-08;5,34E-08;9,45E-09;4,55E-08;0,00E+00;0,00E+00;6,95E-09;2,59E-08;1,23E-08;6,90E-08;2,30E-08;1,20E-08;4,03E-08;4,07E-08;6,46E-08;8,93E-08;0,00E+00;0,00E+00;1,03E-08;2,58E-09;0,00E+00;5,65E-08;9,11E-09;3,05E-08;6,58E-08;6,13E-08;2,19E-08;5,88E-08;2,08E-08;9,72E-08;2,04E-08;4,60E-08;1,18E-07;1,60E-07;1,59E-07;1,38E-07;2,50E-07;2,17E-08;6,92E-08;1,54E-07;9,24E-08;0,00E+00;2,39E-08;7,19E-08;2,26E-07;1,23E-07;2,65E-07;7,87E-08;1,20E-08;5,66E-08;6,04E-08;2,08E-08;8,60E-08;8,32E-08;1,06E-07;1,23E-07;1,02E-07;1,65E-07;1,29E-07;3,50E-08;1,47E-07;1,84E-07;2,99E-07;7,94E-08;2,60E-07;1,42E-07;1,13E-07;2,08E-07;2,77E-07;6,96E-08
59;59 (2018.07.09. 15:42:54);30;0,04;0,00E+00;8,77E-08;0,00E+00;8,88E-09;4,75E-09;2,07E-07;9,78E-09;3,58E-09;1,67E-07;0,00E+00;0,00E+00;1,15E-07;4,87E-09;5,23E-08;0,00E+00;0,00E+00;3,71E-09;1,12E-07;5,25E-08;2,40E-08;0,00E+00;0,00E+00;8,59E-08;1,52E-09;1,82E-08;3,10E-08;1,15E-07;4,26E-08;5,57E-08;1,66E-08;8,18E-09;1,12E-08;5,13E-08;5,73E-09;4,95E-08;1,66E-08;5,75E-08;2,84E-08;2,89E-09;9,33E-09;1,48E-08;6,62E-08;1,36E-07;8,92E-08;1,53E-07;1,35E-07;1,30E-07;2,59E-07;2,95E-07;3,40E-07;3,56E-07;4,98E-07;5,35E-07;6,21E-07;8,40E-07;9,45E-07;1,15E-06;1,22E-06;1,51E-06;1,76E-06;2,08E-06;2,33E-06;2,70E-06;3,12E-06;3,58E-06;4,15E-06;4,81E-06;5,55E-06;6,37E-06;7,33E-06;8,54E-06;9,79E-06;1,12E-05;1,27E-05;1,44E-05;1,62E-05;1,78E-05;1,94E-05;2,09E-05;2,22E-05;2,32E-05;2,39E-05;2,41E-05;2,40E-05;2,36E-05;2,29E-05;2,20E-05;2,08E-05;1,96E-05;1,83E-05;1,71E-05;1,59E-05;1,49E-05;1,38E-05;1,28E-05;1,18E-05;1,10E-05;1,02E-05;9,31E-06;8,68E-06;7,96E-06;7,30E-06;6,62E-06;6,00E-06;5,49E-06;4,97E-06;4,52E-06;4,09E-06;3,75E-06;3,42E-06;3,07E-06;2,82E-06;2,50E-06;2,24E-06;2,04E-06;1,90E-06;1,74E-06;1,57E-06;1,46E-06;1,31E-06;1,15E-06;1,07E-06;1,02E-06;8,43E-07;7,84E-07;7,28E-07;6,74E-07;5,62E-07;5,19E-07;4,94E-07;4,97E-07;4,15E-07;3,46E-07;3,50E-07;3,32E-07;3,57E-07;2,49E-07;2,52E-07;2,21E-07;2,22E-07;1,78E-07;1,96E-07;1,63E-07;1,93E-07;1,79E-07;1,51E-07;1,53E-07;1,36E-07;1,22E-07;1,20E-07;1,00E-07;9,17E-08;5,01E-08;8,70E-08;8,49E-08;6,41E-08;6,53E-08;8,94E-08;7,54E-08;7,82E-08;8,08E-08;6,84E-08;8,25E-08;8,00E-08;8,90E-08;4,24E-08;6,34E-08;1,53E-08;6,94E-08;7,46E-08;6,67E-08;8,12E-08;2,51E-08;1,59E-08;3,90E-08;3,29E-08;1,15E-08;4,85E-08;6,07E-08;1,38E-08;5,06E-08;4,84E-08;8,54E-09;2,09E-08;4,32E-08;4,38E-08;4,78E-08;4,11E-08;1,92E-09;5,92E-08;1,04E-08;3,12E-08;6,64E-08;1,11E-08;3,00E-08;3,73E-08;4,09E-08;5,85E-08;7,34E-08;2,54E-09;6,38E-08;5,46E-08;8,28E-09;3,27E-09;6,53E-08;3,93E-08;3,50E-08;5,27E-08;5,55E-08;3,30E-08;4,03E-08;5,36E-08;3,46E-08;1,75E-08;4,53E-08;3,60E-09;5,44E-08;2,78E-08;7,09E-09;5,96E-09;3,28E-08;6,20E-08;1,42E-08;5,48E-08;1,84E-08;2,82E-08;1,01E-07;7,44E-09;3,65E-08;3,66E-08;5,54E-08;3,01E-08;1,62E-08;1,55E-11;6,61E-08;6,70E-08;5,99E-08;5,11E-08;2,01E-08;4,51E-08;1,10E-09;4,96E-08;2,54E-08;0,00E+00;8,38E-09;1,63E-08;6,04E-08;4,73E-08;1,29E-07;6,87E-08;0,00E+00;3,58E-09;1,36E-08;1,81E-08;2,65E-08;3,77E-08;9,47E-08;8,63E-09;6,18E-08;5,52E-08;3,38E-08;1,76E-08;1,26E-08;3,53E-08;2,22E-08;2,19E-10;9,91E-10;7,05E-09;0,00E+00;0,00E+00;0,00E+00;3,14E-08;4,13E-09;2,94E-08;8,89E-09;4,17E-08;2,97E-08;1,78E-08;7,15E-09;1,90E-09;6,83E-08;8,41E-08;8,84E-08;4,29E-08;2,87E-08;2,60E-08;1,56E-08;2,73E-09;8,53E-08;3,63E-08;2,62E-08;4,91E-08;4,93E-08;2,62E-08;2,74E-08;9,75E-10;1,98E-08;1,25E-08;3,62E-08;2,59E-08;5,60E-08;1,04E-07;6,74E-08;1,48E-09;4,41E-08;2,87E-08;2,39E-08;8,09E-08;5,35E-08;4,11E-09;3,31E-08;1,32E-07;7,50E-09;5,98E-08;6,60E-08;1,74E-08;1,98E-08;1,45E-08;1,00E-09;3,51E-08;1,00E-08;0,00E+00;0,00E+00;2,66E-08;1,74E-08;5,84E-08;6,54E-08;5,17E-08;1,13E-07;7,80E-08;5,51E-08;3,80E-08;2,45E-08;2,91E-08;4,40E-09;5,12E-08;3,30E-08;0,00E+00;1,02E-08;8,10E-08;6,20E-08;5,75E-09;0,00E+00;1,36E-08;3,24E-08;5,19E-08;4,97E-09;7,39E-09;5,92E-08;4,98E-08;1,72E-08;4,24E-08;1,17E-07;5,79E-08;3,05E-08;2,92E-08;1,18E-07;9,61E-08;1,36E-08;0,00E+00;3,57E-08;6,56E-08;3,59E-08;0,00E+00;1,10E-07;1,89E-07;9,88E-08;2,54E-08;7,63E-08;0,00E+00;1,83E-08;6,68E-08;6,00E-08;3,59E-08;1,02E-07;2,99E-08;4,03E-08;9,06E-08;1,40E-07;1,45E-07;5,79E-08;0,00E+00;9,92E-08;1,58E-07;8,65E-08;1,20E-08;1,86E-07;1,61E-07;1,11E-07;8,99E-08;2,04E-07;2,88E-07;6,84E-08;1,18E-07;1,03E-07;2,03E-07;1,70E-07;1,95E-07;6,55E-08;1,90E-07;2,56E-07
60;60 (2018.07.09. 15:43:47);35;0,07;0,00E+00;3,97E-08;2,68E-09;8,86E-08;3,08E-08;8,19E-08;1,25E-07;4,58E-08;0,00E+00;0,00E+00;0,00E+00;0,00E+00;1,37E-07;7,64E-08;2,26E-09;1,05E-08;0,00E+00;1,94E-08;8,29E-08;0,00E+00;1,37E-08;7,38E-08;0,00E+00;1,09E-07;3,20E-08;8,11E-08;1,67E-07;6,08E-08;0,00E+00;9,14E-08;6,57E-09;9,03E-09;1,14E-07;2,85E-08;1,72E-08;0,00E+00;2,82E-09;1,68E-08;3,32E-08;6,96E-08;6,81E-08;1,26E-07;1,06E-07;1,30E-07;2,37E-07;2,64E-07;3,93E-07;3,37E-07;4,60E-07;5,61E-07;7,60E-07;8,75E-07;1,02E-06;1,27E-06;1,50E-06;1,71E-06;2,03E-06;2,34E-06;2,80E-06;3,22E-06;3,72E-06;4,32E-06;4,97E-06;5,76E-06;6,64E-06;7,61E-06;8,84E-06;1,02E-05;1,17E-05;1,34E-05;1,56E-05;1,79E-05;2,04E-05;2,31E-05;2,59E-05;2,88E-05;3,16E-05;3,43E-05;3,67E-05;3,85E-05;3,99E-05;4,07E-05;4,08E-05;4,04E-05;3,93E-05;3,79E-05;3,62E-05;3,41E-05;3,19E-05;2,97E-05;2,77E-05;2,57E-05;2,38E-05;2,21E-05;2,04E-05;1,89E-05;1,75E-05;1,62E-05;1,50E-05;1,37E-05;1,26E-05;1,15E-05;1,05E-05;9,47E-06;8,67E-06;7,84E-06;7,08E-06;6,41E-06;5,82E-06;5,27E-06;4,76E-06;4,35E-06;3,92E-06;3,58E-06;3,21E-06;2,96E-06;2,59E-06;2,43E-06;2,20E-06;1,99E-06;1,83E-06;1,68E-06;1,51E-06;1,40E-06;1,27E-06;1,04E-06;1,05E-06;9,30E-07;7,93E-07;7,35E-07;6,43E-07;6,60E-07;5,93E-07;5,41E-07;5,14E-07;4,37E-07;4,05E-07;3,32E-07;3,11E-07;3,07E-07;3,18E-07;2,61E-07;2,50E-07;2,25E-07;2,18E-07;1,82E-07;1,48E-07;1,79E-07;1,51E-07;1,39E-07;1,42E-07;1,43E-07;8,66E-08;9,31E-08;1,14E-07;8,91E-08;8,38E-08;1,23E-07;7,72E-08;4,96E-08;6,11E-08;7,82E-08;9,37E-08;8,66E-08;5,70E-08;9,09E-08;7,77E-08;6,03E-08;5,31E-08;7,48E-08;3,94E-08;6,31E-08;2,92E-08;7,96E-08;3,73E-08;4,73E-08;5,20E-08;4,89E-08;4,46E-08;3,66E-08;4,57E-08;2,41E-08;1,46E-08;5,29E-08;2,26E-08;6,08E-08;4,32E-08;4,08E-08;6,19E-08;3,66E-08;1,76E-08;2,35E-08;2,82E-08;3,73E-08;1,49E-08;3,02E-08;1,44E-08;4,63E-08;5,06E-08;2,90E-08;5,82E-08;5,09E-08;2,83E-08;3,97E-08;3,58E-08;5,24E-08;0,00E+00;3,19E-08;4,24E-08;1,71E-08;7,57E-09;5,72E-08;3,78E-08;6,92E-08;1,21E-08;4,48E-08;3,14E-08;3,09E-08;3,34E-08;4,93E-08;3,41E-08;7,58E-08;2,49E-08;4,65E-08;5,08E-08;5,25E-08;5,08E-08;7,99E-08;2,16E-08;2,65E-08;6,00E-08;7,09E-08;7,87E-08;5,43E-08;4,24E-08;3,31E-08;6,47E-08;7,03E-08;6,88E-08;1,48E-08;1,02E-07;4,64E-09;0,00E+00;5,64E-09;2,45E-08;3,37E-08;1,92E-08;4,12E-08;5,18E-08;1,80E-08;4,14E-08;6,22E-08;2,01E-08;1,21E-08;9,81E-09;3,57E-08;0,00E+00;7,07E-09;4,09E-08;1,19E-08;3,66E-08;8,03E-08;4,65E-08;6,79E-09;7,48E-09;5,01E-08;3,24E-09;2,30E-08;0,00E+00;3,53E-08;3,99E-08;4,72E-09;3,66E-08;1,09E-09;3,00E-08;2,06E-08;9,08E-09;3,23E-08;1,26E-08;4,22E-08;3,14E-09;2,05E-09;2,54E-08;3,38E-09;4,89E-08;7,05E-08;3,77E-08;4,15E-08;1,25E-08;1,03E-07;4,46E-08;5,52E-08;0,00E+00;0,00E+00;9,13E-09;4,30E-08;0,00E+00;0,00E+00;7,77E-09;2,75E-08;2,71E-08;6,99E-08;3,37E-08;4,46E-08;7,06E-08;9,10E-08;7,89E-08;8,07E-08;3,43E-08;2,85E-08;2,38E-08;9,87E-08;1,31E-08;6,28E-08;1,18E-08;1,82E-08;3,96E-08;3,84E-08;8,02E-08;2,59E-08;5,01E-08;3,66E-08;9,76E-08;3,55E-08;4,35E-09;5,84E-08;8,91E-09;6,42E-08;3,61E-08;4,53E-08;1,01E-07;0,00E+00;6,40E-08;9,32E-08;1,03E-08;4,05E-10;2,57E-08;2,23E-08;2,83E-08;2,46E-08;0,00E+00;5,16E-08;1,27E-07;1,21E-07;1,34E-07;5,09E-08;9,53E-08;2,22E-08;3,38E-08;1,67E-08;0,00E+00;8,28E-08;1,58E-07;4,27E-08;3,09E-08;7,52E-08;5,45E-08;2,19E-08;5,88E-08;1,12E-07;8,38E-08;5,61E-08;6,06E-08;1,33E-07;2,40E-08;0,00E+00;7,28E-08;6,11E-08;5,64E-10;9,51E-08;2,25E-07;1,33E-07;3,17E-08;4,48E-08;9,31E-08;1,26E-07;9,18E-08;5,08E-10;2,28E-08;5,94E-08;1,57E-07;9,67E-08;4,92E-08;1,70E-07;9,64E-08;3,46E-08;1,64E-07;1,40E-07;5,70E-08;8,99E-08;1,36E-07;6,60E-08;0,00E+00;1,17E-07;2,04E-07;3,81E-07;2,90E-07;3,51E-07;2,67E-07;7,44E-08;2,66E-08
61;61 (2018.07.09. 15:44:37);40;0,1;2,98E-08;1,17E-08;1,98E-09;1,09E-07;1,06E-07;2,67E-08;1,36E-08;8,52E-08;1,48E-08;5,38E-08;2,36E-09;2,59E-08;1,01E-07;1,03E-07;7,88E-08;2,59E-08;1,33E-07;5,87E-08;0,00E+00;0,00E+00;0,00E+00;0,00E+00;9,87E-08;2,54E-08;0,00E+00;0,00E+00;0,00E+00;4,94E-08;5,09E-08;2,61E-08;2,89E-09;0,00E+00;6,80E-08;6,27E-08;3,76E-08;8,78E-08;7,47E-08;3,34E-08;5,76E-08;8,40E-08;1,15E-07;1,76E-07;1,93E-07;2,52E-07;4,07E-07;5,09E-07;6,18E-07;7,19E-07;8,17E-07;9,49E-07;1,13E-06;1,36E-06;1,66E-06;1,98E-06;2,32E-06;2,76E-06;3,30E-06;3,85E-06;4,47E-06;5,22E-06;6,08E-06;6,94E-06;8,04E-06;9,26E-06;1,07E-05;1,22E-05;1,42E-05;1,64E-05;1,88E-05;2,16E-05;2,49E-05;2,85E-05;3,24E-05;3,65E-05;4,09E-05;4,51E-05;4,93E-05;5,31E-05;5,64E-05;5,89E-05;6,05E-05;6,13E-05;6,11E-05;5,99E-05;5,80E-05;5,56E-05;5,28E-05;4,95E-05;4,62E-05;4,28E-05;3,98E-05;3,70E-05;3,43E-05;3,17E-05;2,93E-05;2,71E-05;2,50E-05;2,32E-05;2,13E-05;1,96E-05;1,80E-05;1,64E-05;1,49E-05;1,36E-05;1,23E-05;1,11E-05;9,97E-06;9,10E-06;8,17E-06;7,44E-06;6,74E-06;6,03E-06;5,52E-06;5,02E-06;4,57E-06;4,15E-06;3,74E-06;3,42E-06;3,10E-06;2,86E-06;2,60E-06;2,32E-06;2,11E-06;1,88E-06;1,73E-06;1,53E-06;1,37E-06;1,29E-06;1,14E-06;1,07E-06;9,92E-07;8,98E-07;8,48E-07;7,80E-07;6,97E-07;6,27E-07;5,46E-07;5,26E-07;4,71E-07;4,51E-07;4,45E-07;3,54E-07;3,78E-07;3,54E-07;2,44E-07;2,51E-07;2,14E-07;2,10E-07;2,21E-07;1,69E-07;1,69E-07;1,60E-07;1,40E-07;1,54E-07;1,09E-07;1,20E-07;1,20E-07;1,03E-07;1,27E-07;1,17E-07;1,54E-07;1,14E-07;8,98E-08;1,15E-07;9,86E-08;1,30E-07;1,24E-07;1,26E-07;9,89E-08;8,70E-08;1,10E-07;1,16E-07;5,98E-08;7,78E-08;6,93E-08;3,01E-08;4,02E-08;8,05E-08;8,27E-08;9,53E-08;7,90E-08;7,37E-08;6,70E-08;7,40E-08;3,99E-08;6,90E-08;8,78E-08;7,24E-08;5,42E-08;7,60E-08;3,31E-08;7,19E-08;8,56E-08;9,04E-08;7,01E-08;6,33E-08;5,61E-08;7,54E-08;1,01E-07;4,63E-08;5,89E-08;4,25E-08;3,92E-08;4,67E-08;4,00E-08;6,18E-08;5,44E-08;8,25E-08;6,62E-08;7,58E-08;4,59E-08;2,24E-08;5,31E-08;6,95E-08;3,94E-08;5,94E-08;6,44E-08;7,57E-08;8,85E-08;4,22E-08;4,48E-08;3,33E-08;5,50E-08;3,34E-08;5,60E-08;3,83E-08;4,07E-08;1,52E-09;3,99E-08;7,47E-08;5,49E-08;1,00E-07;3,25E-08;6,86E-08;3,04E-08;9,23E-08;3,60E-08;2,11E-08;6,91E-08;1,30E-08;0,00E+00;1,57E-08;4,01E-08;2,99E-08;6,22E-09;3,30E-08;2,88E-08;3,19E-08;4,94E-08;2,80E-09;3,68E-08;7,52E-08;3,73E-08;5,06E-08;5,85E-08;2,00E-08;7,75E-08;7,99E-08;3,01E-08;4,01E-08;6,17E-08;4,06E-08;2,01E-08;3,00E-08;1,18E-08;2,87E-08;5,45E-08;8,31E-08;3,27E-08;6,07E-08;1,06E-07;2,23E-08;0,00E+00;2,99E-09;6,79E-08;0,00E+00;0,00E+00;0,00E+00;0,00E+00;8,44E-09;3,97E-08;2,99E-08;1,45E-08;3,84E-08;2,90E-08;1,89E-08;8,54E-09;3,74E-08;1,18E-08;6,35E-08;1,31E-08;2,46E-08;3,70E-08;3,50E-08;3,67E-09;2,14E-08;8,91E-08;0,00E+00;0,00E+00;1,04E-08;4,85E-08;7,53E-08;4,12E-08;8,87E-10;6,30E-09;4,87E-08;1,45E-08;3,50E-08;3,83E-08;9,91E-08;5,60E-09;5,75E-08;5,99E-08;1,16E-07;8,25E-08;5,14E-08;5,54E-08;2,47E-08;1,00E-09;2,31E-09;5,08E-08;5,02E-08;1,44E-08;0,00E+00;4,91E-08;6,62E-08;7,42E-09;1,28E-08;3,75E-08;3,19E-08;5,19E-08;3,92E-08;9,77E-08;3,47E-08;3,41E-08;7,82E-08;1,32E-07;1,74E-08;5,45E-08;6,65E-08;3,13E-08;3,10E-08;8,79E-08;3,32E-10;3,41E-08;9,91E-08;9,82E-08;0,00E+00;0,00E+00;2,05E-08;1,38E-07;1,11E-08;4,49E-09;6,71E-08;5,74E-08;5,87E-08;3,65E-08;6,47E-08;5,26E-08;5,00E-08;6,60E-08;4,07E-08;4,78E-08;2,34E-08;1,04E-07;4,82E-08;7,28E-08;4,43E-08;1,34E-07;4,12E-08;6,42E-08;5,98E-08;1,11E-08;2,39E-08;2,79E-08;3,91E-08;6,42E-08;8,76E-08;1,58E-08;8,62E-08;0,00E+00;0,00E+00;4,25E-08;1,10E-07;1,94E-07;2,95E-08;6,45E-08;3,51E-08;1,28E-07;1,12E-07;1,31E-07;1,88E-07;2,84E-07;2,46E-07;2,20E-07;2,41E-07;2,05E-07;2,18E-07;2,57E-07;1,34E-07;1,42E-07
62;62 (2018.07.09. 15:45:30);45;0,13;5,72E-08;1,81E-08;3,11E-07;1,26E-07;2,58E-07;1,05E-07;3,70E-07;2,69E-07;1,35E-07;3,44E-08;5,71E-08;6,33E-08;1,24E-07;3,31E-08;1,06E-08;4,91E-08;0,00E+00;1,07E-08;4,58E-08;0,00E+00;3,31E-09;1,79E-08;0,00E+00;0,00E+00;3,25E-09;2,69E-09;0,00E+00;0,00E+00;0,00E+00;4,23E-08;0,00E+00;0,00E+00;0,00E+00;0,00E+00;3,01E-09;1,01E-09;3,35E-08;3,17E-08;8,75E-08;5,31E-08;2,02E-07;2,04E-07;2,92E-07;3,48E-07;5,25E-07;6,30E-07;8,20E-07;9,74E-07;1,16E-06;1,40E-06;1,71E-06;2,05E-06;2,47E-06;2,95E-06;3,51E-06;4,13E-06;4,86E-06;5,64E-06;6,67E-06;7,71E-06;8,89E-06;1,02E-05;1,19E-05;1,36E-05;1,57E-05;1,81E-05;2,09E-05;2,40E-05;2,76E-05;3,17E-05;3,64E-05;4,16E-05;4,70E-05;5,28E-05;5,87E-05;6,47E-05;7,02E-05;7,53E-05;7,94E-05;8,25E-05;8,43E-05;8,49E-05;8,41E-05;8,21E-05;7,92E-05;7,56E-05;7,16E-05;6,69E-05;6,21E-05;5,75E-05;5,34E-05;4,95E-05;4,59E-05;4,23E-05;3,92E-05;3,62E-05;3,34E-05;3,08E-05;2,83E-05;2,61E-05;2,39E-05;2,16E-05;1,97E-05;1,79E-05;1,62E-05;1,46E-05;1,32E-05;1,19E-05;1,08E-05;9,73E-06;8,83E-06;8,02E-06;7,26E-06;6,62E-06;6,07E-06;5,47E-06;4,98E-06;4,52E-06;4,10E-06;3,75E-06;3,39E-06;3,10E-06;2,77E-06;2,50E-06;2,25E-06;2,06E-06;1,83E-06;1,71E-06;1,54E-06;1,39E-06;1,26E-06;1,16E-06;1,06E-06;9,99E-07;8,94E-07;8,39E-07;7,48E-07;6,67E-07;6,28E-07;6,45E-07;5,39E-07;4,86E-07;4,42E-07;4,10E-07;3,75E-07;3,48E-07;2,89E-07;3,31E-07;2,98E-07;2,37E-07;2,52E-07;2,49E-07;1,87E-07;1,97E-07;1,77E-07;2,39E-07;1,71E-07;1,42E-07;1,29E-07;1,83E-07;1,26E-07;9,59E-08;1,80E-07;1,41E-07;1,29E-07;1,15E-07;1,19E-07;1,07E-07;1,22E-07;1,37E-07;7,73E-08;8,22E-08;6,83E-08;8,49E-08;7,45E-08;9,23E-08;1,21E-07;8,10E-08;9,29E-08;9,37E-08;5,70E-08;7,82E-08;8,52E-08;8,91E-08;6,81E-08;7,75E-08;6,73E-08;5,68E-08;2,41E-09;1,10E-07;7,14E-08;4,61E-08;6,48E-08;4,42E-08;7,78E-08;4,74E-08;6,86E-08;6,85E-08;6,05E-08;3,62E-08;5,22E-08;5,45E-08;7,45E-08;2,73E-08;7,13E-08;3,83E-08;6,25E-08;8,26E-08;9,98E-08;5,00E-08;6,16E-08;2,14E-08;4,63E-08;6,16E-08;4,25E-08;5,42E-08;3,35E-08;6,01E-08;6,06E-08;1,33E-08;6,94E-08;9,20E-08;1,23E-08;3,10E-08;6,11E-08;8,14E-08;7,75E-09;5,42E-08;5,45E-08;7,04E-08;5,61E-08;1,33E-07;1,09E-07;4,95E-08;8,77E-08;6,15E-08;9,06E-08;5,29E-08;5,04E-08;7,98E-08;5,60E-08;3,78E-08;4,31E-08;5,01E-08;3,45E-08;3,03E-08;3,03E-08;5,69E-08;1,14E-07;6,58E-08;1,18E-07;8,37E-08;7,36E-08;7,45E-08;1,41E-08;1,51E-08;4,45E-08;6,82E-09;4,43E-08;3,34E-08;3,15E-08;4,88E-08;5,15E-08;3,25E-08;6,45E-08;7,81E-10;5,13E-08;5,62E-08;2,59E-08;5,05E-08;7,94E-08;7,08E-08;3,16E-08;9,55E-09;8,05E-08;1,21E-07;2,27E-08;9,26E-08;9,52E-08;1,52E-08;0,00E+00;3,40E-08;7,34E-08;5,35E-08;3,45E-08;3,23E-08;2,85E-09;4,67E-08;1,18E-07;8,16E-08;1,96E-08;8,41E-08;4,73E-08;7,66E-09;5,66E-08;1,26E-08;1,98E-08;1,76E-08;5,06E-08;5,70E-08;5,14E-08;1,58E-08;6,95E-08;4,61E-08;6,30E-09;6,51E-08;6,64E-08;1,13E-08;0,00E+00;3,80E-08;1,13E-07;6,58E-08;0,00E+00;0,00E+00;2,83E-08;5,85E-08;1,03E-07;1,03E-07;4,11E-08;0,00E+00;8,61E-09;3,43E-08;1,03E-08;5,14E-08;6,70E-08;8,27E-08;2,17E-08;5,15E-08;3,47E-08;1,76E-08;6,88E-08;3,92E-08;2,58E-08;6,30E-09;0,00E+00;0,00E+00;7,37E-09;5,16E-08;6,20E-08;3,69E-08;5,17E-08;9,99E-08;3,47E-08;2,71E-08;3,55E-08;1,00E-08;4,67E-08;2,96E-08;8,46E-09;2,47E-08;7,74E-08;6,04E-09;1,30E-07;3,66E-08;0,00E+00;5,11E-08;7,50E-08;7,04E-08;8,21E-08;2,22E-08;7,13E-08;1,12E-07;2,75E-08;5,76E-08;1,18E-07;7,86E-08;1,06E-07;3,19E-08;1,52E-07;1,89E-07;1,44E-07;1,06E-07;9,42E-08;8,98E-08;8,78E-08;1,47E-07;1,34E-07;8,91E-08;1,03E-07;2,59E-07;9,88E-08;1,45E-07;2,32E-07;1,80E-07;1,65E-08;1,03E-08;1,59E-07;1,48E-07;8,16E-08;1,50E-08;1,02E-07;2,17E-07;8,86E-08;1,19E-07;1,50E-07;1,08E-07;1,82E-07;1,34E-07;1,80E-08;7,90E-08;2,93E-07
63;63 (2018.07.09. 15:46:21);50;0,17;2,04E-07;1,36E-07;0,00E+00;4,91E-08;2,62E-08;2,60E-08;9,95E-08;0,00E+00;0,00E+00;0,00E+00;0,00E+00;1,50E-08;8,95E-08;1,73E-08;1,86E-07;0,00E+00;0,00E+00;1,07E-07;3,75E-08;1,49E-07;8,32E-09;2,52E-08;5,07E-08;9,43E-10;1,51E-08;3,10E-09;0,00E+00;3,68E-08;4,62E-08;3,13E-10;0,00E+00;3,48E-09;7,21E-09;2,19E-08;1,76E-08;5,75E-09;1,45E-07;5,65E-08;1,20E-07;2,05E-07;3,00E-07;3,61E-07;5,09E-07;6,19E-07;7,15E-07;8,69E-07;1,13E-06;1,35E-06;1,69E-06;2,03E-06;2,37E-06;2,90E-06;3,51E-06;4,11E-06;4,88E-06;5,78E-06;6,71E-06;7,84E-06;9,14E-06;1,06E-05;1,23E-05;1,42E-05;1,64E-05;1,88E-05;2,17E-05;2,48E-05;2,88E-05;3,30E-05;3,79E-05;4,34E-05;4,98E-05;5,67E-05;6,40E-05;7,16E-05;7,93E-05;8,69E-05;9,41E-05;1,00E-04;1,05E-04;1,09E-04;1,11E-04;1,11E-04;1,09E-04;1,06E-04;1,02E-04;9,72E-05;9,18E-05;8,57E-05;7,94E-05;7,34E-05;6,80E-05;6,30E-05;5,84E-05;5,40E-05;4,98E-05;4,60E-05;4,25E-05;3,92E-05;3,60E-05;3,30E-05;3,02E-05;2,75E-05;2,49E-05;2,25E-05;2,04E-05;1,84E-05;1,67E-05;1,51E-05;1,36E-05;1,23E-05;1,12E-05;1,02E-05;9,18E-06;8,33E-06;7,58E-06;6,92E-06;6,24E-06;5,73E-06;5,19E-06;4,67E-06;4,23E-06;3,83E-06;3,47E-06;3,15E-06;2,88E-06;2,63E-06;2,31E-06;2,14E-06;1,98E-06;1,74E-06;1,60E-06;1,49E-06;1,33E-06;1,27E-06;1,12E-06;1,07E-06;9,63E-07;8,67E-07;7,66E-07;7,13E-07;6,45E-07;6,49E-07;5,82E-07;5,17E-07;4,54E-07;4,67E-07;4,13E-07;3,75E-07;3,49E-07;3,19E-07;3,04E-07;2,91E-07;2,77E-07;2,39E-07;2,39E-07;1,92E-07;1,66E-07;2,16E-07;1,69E-07;1,85E-07;1,47E-07;1,98E-07;1,10E-07;1,46E-07;1,43E-07;1,57E-07;1,36E-07;1,29E-07;1,35E-07;1,13E-07;1,13E-07;1,02E-07;1,36E-07;1,04E-07;9,15E-08;8,69E-08;6,04E-08;1,20E-07;9,05E-08;8,57E-08;8,99E-08;5,59E-08;1,07E-07;8,08E-08;1,03E-07;7,88E-08;8,32E-08;6,84E-08;1,13E-07;6,14E-08;1,10E-07;9,42E-08;9,14E-08;3,82E-08;6,59E-08;1,05E-07;9,63E-08;1,22E-07;5,24E-08;9,80E-08;8,08E-08;9,27E-08;9,25E-08;4,86E-08;8,18E-08;8,83E-08;1,06E-07;1,36E-07;6,41E-08;6,80E-08;1,01E-07;9,89E-08;6,86E-08;6,35E-08;4,01E-08;3,59E-08;1,11E-07;7,43E-08;1,01E-07;8,98E-08;1,42E-07;1,15E-07;7,49E-08;4,25E-08;3,19E-08;1,12E-08;6,06E-08;8,59E-08;1,06E-07;6,27E-08;5,35E-08;7,16E-08;1,15E-07;1,56E-07;1,30E-08;7,72E-08;8,73E-08;3,84E-08;6,92E-09;5,17E-08;1,83E-08;6,63E-08;2,96E-08;2,65E-08;4,51E-09;9,10E-08;7,44E-08;1,01E-07;6,73E-08;5,61E-08;5,96E-08;1,09E-07;5,26E-08;3,39E-09;3,72E-08;1,73E-08;5,45E-08;2,36E-08;2,32E-08;3,14E-08;3,81E-08;3,45E-08;5,15E-08;3,08E-08;5,32E-08;6,93E-08;9,51E-09;4,78E-08;5,80E-08;7,40E-08;5,54E-08;5,53E-08;7,07E-09;7,00E-08;5,43E-08;4,15E-08;7,68E-08;3,56E-08;2,15E-08;5,70E-09;0,00E+00;6,82E-08;0,00E+00;0,00E+00;3,35E-08;4,29E-08;5,69E-09;0,00E+00;9,52E-08;1,38E-08;6,05E-08;2,83E-08;4,69E-08;4,81E-08;8,22E-08;2,60E-09;9,05E-09;8,11E-08;6,72E-08;8,40E-08;5,23E-08;3,37E-08;4,32E-08;7,82E-08;5,42E-08;2,60E-08;0,00E+00;4,08E-08;4,98E-08;6,17E-09;1,10E-08;2,26E-08;2,86E-08;8,83E-08;3,07E-08;3,40E-08;3,56E-08;1,96E-08;4,51E-08;7,09E-08;3,65E-08;2,58E-08;0,00E+00;5,31E-08;9,21E-08;6,91E-08;6,39E-08;2,87E-10;1,44E-08;2,01E-08;9,13E-09;5,72E-08;9,83E-08;7,38E-08;1,10E-07;8,10E-10;6,06E-08;1,09E-07;8,04E-08;5,82E-08;6,96E-08;7,92E-08;1,40E-07;8,08E-08;8,63E-08;3,08E-08;2,68E-08;5,34E-08;1,05E-07;4,98E-08;1,72E-08;5,62E-08;5,74E-08;2,13E-08;8,34E-08;1,13E-07;5,46E-08;1,57E-08;6,50E-08;1,60E-07;2,68E-09;6,11E-08;9,93E-08;1,20E-07;1,52E-07;1,47E-07;7,61E-08;2,32E-08;1,72E-07;6,50E-08;1,51E-07;2,14E-07;1,05E-07;8,37E-08;7,05E-08;1,28E-08;1,01E-07;2,03E-07;2,49E-07;9,31E-08;1,50E-07;1,33E-07;5,29E-08;1,10E-07;1,50E-07;5,13E-09;8,97E-08;1,42E-07;2,13E-07;3,35E-07;2,19E-07;2,43E-07;2,23E-07;3,01E-07;2,13E-07;1,59E-07;2,13E-07;1,91E-07;1,44E-07;9,92E-08;5,33E-08
64;64 (2018.07.09. 15:47:12);55;0,21;2,71E-07;3,51E-08;4,02E-07;0,00E+00;0,00E+00;0,00E+00;1,03E-07;1,54E-07;2,88E-08;3,51E-07;9,11E-08;1,59E-07;1,74E-08;0,00E+00;0,00E+00;0,00E+00;0,00E+00;0,00E+00;0,00E+00;6,31E-09;6,99E-08;2,98E-09;1,79E-09;0,00E+00;0,00E+00;0,00E+00;0,00E+00;0,00E+00;0,00E+00;0,00E+00;7,61E-09;0,00E+00;7,69E-08;3,26E-08;3,73E-08;6,93E-09;1,49E-08;1,25E-07;1,01E-07;3,05E-07;3,06E-07;4,88E-07;6,82E-07;7,89E-07;9,47E-07;1,16E-06;1,49E-06;1,83E-06;2,23E-06;2,71E-06;3,09E-06;3,84E-06;4,55E-06;5,36E-06;6,38E-06;7,48E-06;8,81E-06;1,02E-05;1,20E-05;1,39E-05;1,60E-05;1,84E-05;2,12E-05;2,44E-05;2,81E-05;3,22E-05;3,72E-05;4,28E-05;4,89E-05;5,60E-05;6,41E-05;7,28E-05;8,19E-05;9,14E-05;1,01E-04;1,10E-04;1,19E-04;1,26E-04;1,32E-04;1,36E-04;1,38E-04;1,38E-04;1,35E-04;1,31E-04;1,25E-04;1,19E-04;1,12E-04;1,04E-04;9,66E-05;8,93E-05;8,27E-05;7,65E-05;7,09E-05;6,55E-05;6,04E-05;5,57E-05;5,15E-05;4,74E-05;4,35E-05;3,99E-05;3,65E-05;3,32E-05;3,01E-05;2,72E-05;2,46E-05;2,22E-05;2,00E-05;1,81E-05;1,64E-05;1,48E-05;1,34E-05;1,22E-05;1,11E-05;1,01E-05;9,10E-06;8,32E-06;7,48E-06;6,89E-06;6,16E-06;5,59E-06;5,07E-06;4,63E-06;4,18E-06;3,77E-06;3,42E-06;3,11E-06;2,85E-06;2,51E-06;2,29E-06;2,15E-06;1,95E-06;1,75E-06;1,54E-06;1,45E-06;1,38E-06;1,16E-06;1,13E-06;1,07E-06;9,43E-07;8,11E-07;8,61E-07;7,41E-07;6,56E-07;6,42E-07;5,72E-07;5,17E-07;4,95E-07;4,63E-07;4,19E-07;3,88E-07;3,46E-07;3,24E-07;2,98E-07;3,03E-07;3,13E-07;2,61E-07;2,03E-07;1,51E-07;1,76E-07;1,91E-07;2,07E-07;1,65E-07;1,86E-07;1,85E-07;1,57E-07;1,53E-07;1,54E-07;9,66E-08;7,51E-08;1,19E-07;1,17E-07;8,81E-08;8,81E-08;1,25E-07;1,27E-07;1,01E-07;1,26E-07;8,80E-08;9,86E-08;9,01E-08;9,21E-08;1,28E-07;1,24E-07;1,18E-07;4,74E-08;1,12E-07;1,17E-07;8,47E-08;7,52E-08;1,33E-07;1,02E-07;7,48E-08;1,08E-07;9,08E-08;4,34E-08;6,67E-08;6,73E-08;1,19E-07;1,10E-07;1,26E-07;4,96E-08;9,24E-08;4,65E-08;6,89E-08;1,10E-07;9,12E-08;1,15E-07;8,47E-08;8,63E-08;8,92E-08;9,01E-08;9,06E-08;1,17E-07;1,20E-07;9,51E-08;8,52E-08;7,06E-08;6,38E-08;5,31E-08;8,42E-08;4,19E-08;7,92E-08;2,74E-08;4,84E-08;4,77E-08;1,00E-07;9,09E-08;5,89E-08;6,36E-08;9,30E-08;7,07E-08;2,05E-08;6,15E-08;5,34E-08;8,79E-08;5,76E-08;7,01E-08;8,88E-08;2,90E-08;4,20E-08;4,09E-08;3,96E-08;2,33E-08;4,47E-08;6,24E-08;3,95E-09;5,93E-08;6,44E-09;6,57E-10;1,36E-08;9,63E-09;6,84E-09;4,17E-08;1,91E-08;0,00E+00;2,72E-08;3,45E-09;7,40E-08;0,00E+00;2,72E-08;6,64E-08;2,42E-08;0,00E+00;3,33E-08;5,43E-08;1,40E-07;9,55E-09;2,48E-08;1,12E-08;2,65E-08;6,66E-08;5,66E-08;4,44E-08;0,00E+00;2,47E-08;1,16E-07;7,57E-08;4,12E-08;3,32E-08;8,82E-09;4,53E-08;3,97E-09;4,91E-08;1,18E-08;2,02E-08;1,46E-08;5,20E-08;6,21E-08;0,00E+00;0,00E+00;4,55E-08;9,64E-08;4,67E-08;6,34E-08;1,06E-07;4,05E-08;1,31E-09;2,74E-08;5,03E-08;0,00E+00;9,84E-08;1,51E-07;2,37E-08;0,00E+00;2,34E-08;2,84E-08;7,58E-08;3,38E-08;5,78E-08;2,06E-08;6,50E-10;4,13E-08;5,21E-08;2,96E-08;2,19E-08;4,03E-08;7,34E-08;2,07E-08;1,28E-08;8,02E-08;0,00E+00;2,97E-08;1,12E-07;1,14E-07;3,53E-08;2,26E-08;8,21E-08;3,99E-10;3,30E-09;2,34E-08;1,59E-08;5,23E-08;3,20E-08;2,62E-08;3,41E-09;1,48E-07;7,67E-08;0,00E+00;4,75E-08;1,21E-07;4,15E-08;0,00E+00;2,78E-08;4,76E-08;1,12E-07;9,64E-08;5,76E-09;2,40E-08;3,30E-08;5,73E-08;1,52E-07;1,88E-07;6,97E-08;7,78E-08;1,14E-07;1,02E-07;4,22E-08;9,48E-08;2,77E-08;0,00E+00;1,01E-07;1,30E-07;0,00E+00;0,00E+00;9,30E-08;9,87E-08;6,48E-08;2,02E-07;4,63E-08;1,94E-07;1,05E-07;1,60E-07;2,03E-07;2,08E-08;1,36E-07;1,61E-07;1,30E-07;8,15E-08;2,31E-07;1,96E-07;1,34E-07;1,40E-08;7,78E-08;3,64E-08;7,74E-08;2,44E-07;2,24E-07;1,63E-08;5,28E-08;3,25E-08;1,32E-07;1,79E-07;4,63E-07;2,25E-07;3,19E-07;2,07E-07;1,17E-08;2,01E-07;2,65E-07;2,23E-07;1,02E-07
65;65 (2018.07.09. 15:48:00);60;0,25;7,80E-08;3,57E-07;1,14E-07;2,48E-07;1,18E-07;3,41E-08;2,00E-07;2,55E-08;1,31E-07;0,00E+00;0,00E+00;3,93E-08;1,25E-07;7,46E-08;1,84E-07;2,09E-08;1,62E-07;2,54E-07;1,63E-08;0,00E+00;0,00E+00;0,00E+00;0,00E+00;9,07E-08;2,71E-08;2,24E-08;4,10E-08;8,11E-09;0,00E+00;0,00E+00;3,48E-08;4,79E-08;0,00E+00;0,00E+00;5,11E-08;7,21E-08;9,51E-08;1,53E-07;2,88E-07;4,15E-07;4,36E-07;5,14E-07;8,10E-07;9,39E-07;1,27E-06;1,54E-06;1,84E-06;2,34E-06;2,78E-06;3,35E-06;4,09E-06;4,87E-06;5,81E-06;6,89E-06;8,07E-06;9,55E-06;1,12E-05;1,31E-05;1,52E-05;1,76E-05;2,03E-05;2,34E-05;2,68E-05;3,09E-05;3,55E-05;4,07E-05;4,70E-05;5,39E-05;6,16E-05;7,03E-05;8,04E-05;9,11E-05;1,02E-04;1,14E-04;1,25E-04;1,37E-04;1,47E-04;1,55E-04;1,62E-04;1,66E-04;1,68E-04;1,67E-04;1,64E-04;1,58E-04;1,51E-04;1,43E-04;1,34E-04;1,25E-04;1,16E-04;1,07E-04;9,87E-05;9,14E-05;8,46E-05;7,81E-05;7,21E-05;6,65E-05;6,14E-05;5,66E-05;5,19E-05;4,75E-05;4,34E-05;3,95E-05;3,57E-05;3,23E-05;2,93E-05;2,64E-05;2,39E-05;2,15E-05;1,94E-05;1,76E-05;1,60E-05;1,45E-05;1,31E-05;1,19E-05;1,08E-05;9,87E-06;8,98E-06;8,17E-06;7,37E-06;6,68E-06;5,99E-06;5,46E-06;4,99E-06;4,46E-06;4,00E-06;3,66E-06;3,33E-06;3,02E-06;2,78E-06;2,52E-06;2,27E-06;2,16E-06;1,93E-06;1,70E-06;1,58E-06;1,50E-06;1,35E-06;1,23E-06;1,16E-06;1,07E-06;1,01E-06;8,62E-07;8,23E-07;7,81E-07;7,47E-07;5,91E-07;4,95E-07;5,26E-07;4,55E-07;4,28E-07;3,57E-07;3,72E-07;3,27E-07;3,42E-07;2,96E-07;3,01E-07;2,50E-07;2,95E-07;2,66E-07;2,22E-07;1,58E-07;2,90E-07;2,16E-07;1,74E-07;1,82E-07;2,13E-07;2,61E-07;1,95E-07;1,55E-07;1,41E-07;1,40E-07;1,07E-07;1,40E-07;8,60E-08;1,08E-07;1,24E-07;1,18E-07;1,50E-07;1,38E-07;1,39E-07;1,34E-07;1,59E-07;1,09E-07;1,26E-07;1,28E-07;1,10E-07;1,21E-07;1,16E-07;1,31E-07;1,46E-07;1,24E-07;1,61E-07;1,17E-07;7,81E-08;1,37E-07;1,08E-07;1,40E-07;1,30E-07;1,36E-07;9,82E-08;9,16E-08;9,21E-08;1,07E-07;8,54E-08;1,60E-07;9,79E-08;7,44E-08;7,52E-08;4,66E-08;1,28E-07;3,49E-08;9,16E-08;6,28E-08;8,39E-08;7,32E-08;1,02E-07;9,67E-08;9,18E-08;1,02E-07;9,42E-08;3,68E-08;7,85E-08;8,88E-08;4,68E-08;4,40E-08;7,57E-08;7,33E-08;9,41E-08;1,09E-07;1,31E-07;1,46E-07;8,82E-08;1,25E-07;1,92E-07;9,28E-08;4,99E-08;2,43E-08;5,92E-08;3,77E-08;4,13E-08;1,21E-07;1,82E-08;9,10E-08;9,54E-08;3,22E-08;4,70E-08;7,16E-08;6,56E-09;6,81E-08;8,59E-08;5,21E-08;8,96E-08;6,78E-08;4,31E-08;5,92E-08;4,42E-09;1,37E-09;3,45E-08;2,63E-08;1,74E-08;3,65E-08;9,75E-09;0,00E+00;0,00E+00;9,59E-08;1,23E-09;3,33E-08;2,54E-08;8,55E-08;1,97E-08;5,87E-09;2,01E-08;2,35E-09;6,75E-08;5,09E-08;2,65E-08;6,28E-09;2,24E-08;6,81E-08;1,58E-08;0,00E+00;1,41E-07;8,99E-08;6,93E-08;4,64E-08;7,68E-08;1,58E-08;1,29E-08;1,91E-09;1,03E-07;1,05E-08;1,31E-08;3,02E-08;1,47E-07;1,47E-07;1,88E-08;6,11E-08;5,09E-08;1,54E-08;2,26E-08;1,29E-08;0,00E+00;7,81E-08;4,81E-08;4,19E-08;3,77E-08;1,35E-07;4,68E-08;4,26E-08;1,14E-08;1,38E-07;0,00E+00;0,00E+00;2,23E-08;8,81E-08;8,96E-08;2,78E-08;6,52E-08;5,27E-08;1,77E-07;2,77E-08;2,02E-08;1,04E-07;1,09E-07;2,41E-08;0,00E+00;1,56E-08;1,07E-07;9,83E-09;1,02E-07;9,32E-08;4,33E-08;1,45E-07;1,78E-07;6,76E-08;2,80E-10;1,52E-08;2,88E-08;6,50E-08;0,00E+00;4,77E-08;1,59E-08;6,63E-08;2,39E-07;0,00E+00;5,09E-08;1,70E-07;5,12E-08;4,68E-08;2,31E-08;0,00E+00;9,55E-08;1,95E-08;2,52E-08;1,06E-07;3,48E-08;0,00E+00;9,07E-08;8,23E-08;9,03E-08;1,55E-07;2,63E-08;1,15E-07;5,99E-08;3,32E-08;0,00E+00;0,00E+00;0,00E+00;0,00E+00;2,90E-07;6,35E-08;2,22E-07;2,44E-07;1,91E-07;4,97E-08;2,77E-07;1,40E-07;0,00E+00;0,00E+00;8,34E-09;2,00E-08;8,34E-08;1,70E-07;1,26E-07;1,06E-07;1,06E-07;1,57E-07;3,87E-07;0,00E+00;9,05E-08;2,92E-07;3,93E-07;6,68E-08;0,00E+00;0,00E+00;0,00E+00;4,20E-08;1,76E-07;2,59E-07;4,10E-07;4,15E-07
66;66 (2018.07.09. 15:48:43);75;0,38;1,59E-07;1,71E-07;0,00E+00;0,00E+00;3,24E-07;2,06E-08;0,00E+00;0,00E+00;1,48E-08;2,25E-07;5,89E-08;6,86E-08;2,19E-07;2,48E-08;2,00E-08;9,23E-08;0,00E+00;5,15E-08;0,00E+00;1,16E-07;6,26E-09;3,38E-08;0,00E+00;0,00E+00;0,00E+00;0,00E+00;0,00E+00;0,00E+00;0,00E+00;0,00E+00;0,00E+00;0,00E+00;0,00E+00;1,77E-07;4,94E-08;5,06E-08;3,21E-07;2,66E-07;4,02E-07;6,65E-07;6,36E-07;1,02E-06;1,44E-06;1,74E-06;2,15E-06;2,55E-06;3,18E-06;3,85E-06;4,65E-06;5,58E-06;6,76E-06;8,22E-06;9,76E-06;1,15E-05;1,34E-05;1,59E-05;1,84E-05;2,15E-05;2,51E-05;2,89E-05;3,33E-05;3,84E-05;4,42E-05;5,07E-05;5,83E-05;6,66E-05;7,67E-05;8,79E-05;1,00E-04;1,14E-04;1,30E-04;1,46E-04;1,64E-04;1,81E-04;1,98E-04;2,15E-04;2,29E-04;2,41E-04;2,50E-04;2,55E-04;2,56E-04;2,53E-04;2,47E-04;2,37E-04;2,26E-04;2,13E-04;1,99E-04;1,85E-04;1,71E-04;1,57E-04;1,46E-04;1,35E-04;1,25E-04;1,15E-04;1,06E-04;9,77E-05;9,01E-05;8,29E-05;7,61E-05;6,95E-05;6,34E-05;5,75E-05;5,22E-05;4,71E-05;4,25E-05;3,84E-05;3,47E-05;3,13E-05;2,83E-05;2,56E-05;2,32E-05;2,11E-05;1,90E-05;1,73E-05;1,58E-05;1,43E-05;1,30E-05;1,17E-05;1,07E-05;9,64E-06;8,64E-06;7,79E-06;7,24E-06;6,53E-06;5,97E-06;5,29E-06;4,87E-06;4,38E-06;4,02E-06;3,66E-06;3,36E-06;2,95E-06;2,69E-06;2,58E-06;2,38E-06;2,12E-06;1,89E-06;1,85E-06;1,64E-06;1,52E-06;1,32E-06;1,25E-06;1,20E-06;1,13E-06;1,01E-06;8,64E-07;7,00E-07;7,55E-07;7,74E-07;6,94E-07;5,70E-07;5,20E-07;5,13E-07;4,98E-07;5,53E-07;4,44E-07;4,26E-07;4,49E-07;3,21E-07;3,71E-07;2,91E-07;4,54E-07;3,00E-07;3,20E-07;2,55E-07;2,86E-07;2,79E-07;2,44E-07;2,12E-07;1,94E-07;2,06E-07;1,75E-07;2,47E-07;2,38E-07;1,75E-07;2,14E-07;2,44E-07;2,20E-07;1,78E-07;2,28E-07;1,66E-07;1,32E-07;2,35E-07;1,77E-07;1,07E-07;1,44E-07;2,52E-07;1,72E-07;2,23E-07;2,18E-07;1,43E-07;1,69E-07;1,94E-07;1,50E-07;5,05E-08;1,15E-07;1,39E-07;2,33E-07;1,46E-07;2,70E-07;1,43E-07;1,78E-07;1,60E-07;4,51E-08;1,41E-07;1,43E-07;9,46E-08;6,55E-08;6,97E-08;8,45E-08;1,79E-07;7,67E-08;6,49E-08;3,22E-08;1,10E-07;3,51E-08;1,08E-07;1,17E-07;9,89E-08;6,88E-08;2,28E-08;1,10E-07;3,89E-08;1,49E-07;5,25E-08;6,61E-08;8,97E-08;6,09E-08;1,07E-07;5,44E-08;1,05E-07;1,17E-07;9,80E-08;6,16E-08;1,11E-07;8,63E-08;6,22E-08;7,40E-08;1,25E-07;1,28E-07;5,60E-08;1,27E-07;9,52E-08;1,33E-07;1,03E-07;6,97E-09;0,00E+00;0,00E+00;8,24E-08;1,05E-07;7,32E-08;3,96E-08;6,77E-08;6,56E-08;2,08E-07;1,25E-07;5,50E-08;9,20E-08;1,51E-07;1,90E-08;1,63E-07;1,97E-07;4,09E-08;1,11E-07;1,45E-07;1,02E-07;0,00E+00;3,02E-09;8,59E-09;2,89E-08;8,76E-08;1,54E-07;1,71E-08;5,43E-10;2,63E-08;1,03E-07;8,50E-08;6,16E-08;3,32E-08;1,24E-07;9,23E-09;1,01E-08;1,25E-07;7,10E-09;3,23E-08;3,14E-08;2,24E-08;2,86E-09;0,00E+00;0,00E+00;4,81E-08;1,20E-07;2,98E-08;0,00E+00;1,34E-07;4,78E-09;1,46E-07;5,27E-09;4,78E-08;5,02E-08;1,10E-07;5,56E-08;1,78E-07;5,59E-09;8,47E-08;5,72E-09;5,89E-08;5,91E-08;0,00E+00;0,00E+00;2,32E-08;5,62E-09;1,02E-07;8,94E-08;5,94E-08;1,10E-07;2,53E-08;0,00E+00;1,16E-07;2,42E-08;1,36E-08;7,71E-08;4,53E-08;5,58E-08;3,66E-08;6,13E-08;1,04E-07;1,08E-07;9,37E-08;1,79E-07;1,17E-07;4,21E-08;3,36E-08;7,44E-08;2,48E-07;1,07E-07;7,71E-08;1,13E-07;1,75E-07;7,06E-08;1,64E-07;1,51E-07;1,40E-07;1,74E-09;1,24E-07;0,00E+00;0,00E+00;4,20E-08;8,97E-08;2,63E-08;0,00E+00;1,45E-07;2,97E-08;0,00E+00;0,00E+00;0,00E+00;1,91E-08;1,10E-08;2,73E-08;2,92E-09;4,31E-08;2,01E-07;2,47E-07;8,36E-08;0,00E+00;1,55E-07;5,10E-08;1,76E-07;1,98E-09;9,10E-08;1,67E-07;1,11E-07;1,98E-08;1,19E-07;1,48E-07;2,69E-08;2,12E-07;4,15E-07;8,77E-08;2,91E-07;1,88E-07;1,78E-07;4,37E-08;0,00E+00;4,20E-07;1,02E-07;0,00E+00;1,03E-07;3,25E-07;2,04E-07;9,79E-08;1,32E-07;8,29E-08;1,25E-07;0,00E+00;6,60E-08;2,98E-07;3,85E-07;2,99E-07;0,00E+00;1,68E-07
67;67 (2018.07.09. 15:49:30);90;0,5;1,79E-07;1,92E-07;2,52E-08;7,25E-07;2,32E-07;5,65E-07;5,19E-07;2,85E-08;0,00E+00;4,49E-08;1,48E-08;5,81E-08;0,00E+00;1,57E-07;5,72E-07;1,08E-07;1,54E-07;2,41E-08;1,03E-07;0,00E+00;1,37E-08;7,39E-08;0,00E+00;0,00E+00;0,00E+00;0,00E+00;1,56E-08;0,00E+00;9,25E-09;3,52E-10;0,00E+00;4,20E-08;3,84E-08;0,00E+00;6,64E-08;3,47E-07;1,91E-07;4,49E-07;9,34E-07;9,26E-07;1,30E-06;1,40E-06;1,88E-06;2,37E-06;3,13E-06;3,74E-06;4,40E-06;5,54E-06;6,67E-06;7,90E-06;9,83E-06;1,15E-05;1,35E-05;1,59E-05;1,89E-05;2,21E-05;2,56E-05;3,00E-05;3,47E-05;4,03E-05;4,62E-05;5,31E-05;6,10E-05;6,99E-05;8,01E-05;9,19E-05;1,05E-04;1,21E-04;1,37E-04;1,56E-04;1,77E-04;2,00E-04;2,23E-04;2,46E-04;2,69E-04;2,90E-04;3,09E-04;3,24E-04;3,35E-04;3,41E-04;3,41E-04;3,37E-04;3,28E-04;3,14E-04;2,98E-04;2,81E-04;2,63E-04;2,44E-04;2,25E-04;2,07E-04;1,91E-04;1,77E-04;1,64E-04;1,51E-04;1,39E-04;1,28E-04;1,18E-04;1,09E-04;9,98E-05;9,12E-05;8,30E-05;7,53E-05;6,82E-05;6,17E-05;5,56E-05;5,03E-05;4,52E-05;4,09E-05;3,69E-05;3,35E-05;3,05E-05;2,76E-05;2,50E-05;2,28E-05;2,07E-05;1,88E-05;1,70E-05;1,55E-05;1,40E-05;1,25E-05;1,14E-05;1,03E-05;9,41E-06;8,48E-06;7,71E-06;6,87E-06;6,31E-06;5,65E-06;5,16E-06;4,67E-06;4,12E-06;4,02E-06;3,58E-06;3,20E-06;3,03E-06;2,82E-06;2,48E-06;2,25E-06;2,11E-06;1,94E-06;1,81E-06;1,70E-06;1,54E-06;1,51E-06;1,39E-06;1,25E-06;1,13E-06;1,07E-06;1,04E-06;9,14E-07;8,07E-07;7,45E-07;8,46E-07;6,99E-07;7,95E-07;6,00E-07;4,19E-07;4,43E-07;5,18E-07;4,63E-07;4,07E-07;4,72E-07;5,63E-07;3,59E-07;3,50E-07;3,62E-07;2,67E-07;4,57E-07;3,24E-07;3,21E-07;2,91E-07;3,06E-07;2,87E-07;2,60E-07;3,18E-07;2,28E-07;2,22E-07;3,19E-07;1,59E-07;2,04E-07;2,70E-07;2,47E-07;2,33E-07;2,54E-07;2,45E-07;2,21E-07;2,23E-07;3,20E-07;1,70E-07;2,85E-07;1,89E-07;2,32E-07;2,65E-07;2,03E-07;1,92E-07;2,30E-07;2,09E-07;1,08E-07;2,60E-07;2,56E-07;2,65E-07;2,48E-07;1,93E-07;1,38E-07;1,29E-07;1,04E-07;2,58E-07;1,88E-07;2,67E-07;2,35E-07;1,59E-07;3,09E-07;2,49E-07;1,90E-07;1,73E-08;8,88E-08;1,96E-07;1,58E-07;2,13E-07;1,90E-07;1,34E-07;3,35E-08;1,55E-07;1,74E-07;1,41E-07;1,61E-07;1,85E-07;6,24E-08;2,22E-07;1,96E-07;1,39E-07;5,61E-08;2,29E-07;1,98E-07;1,12E-07;2,38E-07;7,53E-08;1,04E-07;8,84E-08;1,11E-07;3,92E-07;1,97E-07;1,91E-08;5,64E-08;1,19E-07;7,27E-08;1,01E-07;2,53E-07;2,28E-07;2,02E-08;1,05E-07;1,56E-07;1,28E-07;3,84E-08;2,56E-09;3,94E-08;2,75E-09;5,89E-08;3,26E-08;8,80E-08;1,19E-07;2,61E-07;1,23E-07;1,35E-07;2,90E-07;1,65E-07;4,87E-08;5,95E-08;1,65E-08;2,43E-08;1,04E-07;4,01E-08;1,54E-08;1,82E-08;2,35E-08;9,35E-08;3,80E-08;8,62E-08;4,64E-08;2,64E-07;1,93E-08;1,53E-08;2,00E-07;5,87E-08;3,23E-08;2,46E-07;1,11E-07;2,60E-08;1,50E-07;1,52E-07;8,21E-08;1,54E-07;1,38E-07;7,30E-08;0,00E+00;0,00E+00;4,34E-08;1,40E-07;7,13E-08;1,66E-08;3,64E-08;1,29E-07;2,59E-08;0,00E+00;4,92E-08;1,45E-07;1,16E-08;8,08E-08;4,25E-08;0,00E+00;0,00E+00;1,31E-08;1,92E-07;4,49E-08;1,12E-07;1,03E-07;1,22E-07;2,31E-07;2,68E-07;4,82E-09;8,38E-08;2,04E-08;4,01E-08;1,11E-07;9,56E-08;2,52E-07;2,58E-07;2,16E-07;6,79E-08;2,94E-07;1,17E-07;5,24E-08;1,08E-07;2,97E-07;4,09E-08;2,47E-07;1,03E-08;7,19E-08;1,15E-07;1,05E-07;1,57E-07;2,21E-07;4,90E-07;7,63E-08;1,65E-07;0,00E+00;2,77E-08;7,84E-08;1,03E-07;2,35E-07;4,87E-07;2,67E-07;4,19E-08;4,25E-08;7,26E-08;9,05E-08;1,21E-07;3,63E-07;2,76E-07;1,90E-07;0,00E+00;0,00E+00;1,54E-08;2,77E-08;5,59E-08;2,05E-07;9,71E-08;6,03E-09;2,65E-07;1,52E-07;4,26E-08;9,77E-08;2,08E-07;1,83E-07;2,78E-07;5,95E-08;1,12E-07;4,94E-07;2,81E-07;3,36E-07;5,14E-08;2,69E-07;3,32E-07;2,79E-07;3,47E-07;3,77E-07;6,06E-07;5,41E-07;1,00E-07;1,46E-07;4,61E-07;1,61E-07;8,36E-07;3,67E-07;6,06E-07;5,49E-07;2,71E-07;1,60E-07;2,52E-07;2,35E-07;2,47E-07
68;68 (2018.07.09. 15:50:03);105;0,62;0,00E+00;0,00E+00;3,26E-08;5,31E-07;8,23E-08;0,00E+00;0,00E+00;0,00E+00;0,00E+00;1,73E-07;5,72E-08;1,68E-07;1,24E-07;8,94E-08;0,00E+00;0,00E+00;1,15E-07;0,00E+00;0,00E+00;0,00E+00;1,68E-08;9,05E-08;0,00E+00;0,00E+00;3,38E-08;2,80E-08;0,00E+00;0,00E+00;9,35E-08;9,67E-08;0,00E+00;0,00E+00;0,00E+00;2,34E-10;5,10E-10;1,11E-07;2,84E-07;6,25E-07;1,00E-06;1,28E-06;1,51E-06;1,83E-06;2,63E-06;2,84E-06;3,79E-06;4,80E-06;5,81E-06;7,24E-06;8,68E-06;1,05E-05;1,26E-05;1,50E-05;1,75E-05;2,04E-05;2,44E-05;2,85E-05;3,33E-05;3,84E-05;4,45E-05;5,16E-05;5,92E-05;6,82E-05;7,79E-05;8,96E-05;1,03E-04;1,17E-04;1,35E-04;1,54E-04;1,75E-04;1,99E-04;2,26E-04;2,54E-04;2,83E-04;3,12E-04;3,40E-04;3,67E-04;3,90E-04;4,08E-04;4,21E-04;4,28E-04;4,28E-04;4,22E-04;4,10E-04;3,93E-04;3,72E-04;3,50E-04;3,28E-04;3,03E-04;2,80E-04;2,58E-04;2,38E-04;2,20E-04;2,04E-04;1,88E-04;1,73E-04;1,60E-04;1,47E-04;1,36E-04;1,24E-04;1,13E-04;1,03E-04;9,36E-05;8,47E-05;7,68E-05;6,94E-05;6,23E-05;5,62E-05;5,10E-05;4,61E-05;4,16E-05;3,76E-05;3,41E-05;3,11E-05;2,80E-05;2,55E-05;2,32E-05;2,11E-05;1,91E-05;1,73E-05;1,57E-05;1,42E-05;1,28E-05;1,16E-05;1,05E-05;9,30E-06;8,59E-06;7,79E-06;7,00E-06;6,52E-06;5,95E-06;5,43E-06;4,78E-06;4,52E-06;4,13E-06;3,90E-06;3,35E-06;3,31E-06;2,99E-06;2,68E-06;2,49E-06;2,32E-06;2,11E-06;1,87E-06;1,67E-06;1,30E-06;1,56E-06;1,27E-06;1,19E-06;1,13E-06;1,00E-06;9,84E-07;9,26E-07;8,12E-07;6,82E-07;7,88E-07;6,66E-07;7,33E-07;5,79E-07;4,38E-07;4,09E-07;4,50E-07;3,80E-07;4,53E-07;4,53E-07;4,21E-07;3,17E-07;3,25E-07;5,31E-07;3,35E-07;3,14E-07;3,50E-07;3,82E-07;2,73E-07;2,06E-07;2,47E-07;2,61E-07;3,78E-07;2,43E-07;3,57E-07;3,00E-07;2,66E-07;2,33E-07;1,96E-07;3,59E-07;3,21E-07;3,57E-07;2,84E-07;2,52E-07;1,42E-07;2,03E-07;2,23E-07;2,92E-07;2,20E-07;3,31E-07;3,99E-07;3,37E-07;3,03E-07;3,61E-07;3,38E-07;2,99E-07;3,73E-07;2,59E-07;1,67E-07;1,39E-07;2,58E-07;1,84E-07;3,31E-07;3,30E-07;1,92E-07;2,81E-07;1,78E-07;2,00E-07;4,75E-08;4,91E-08;9,48E-08;1,19E-07;6,25E-08;1,95E-07;1,80E-07;2,43E-07;2,47E-07;3,45E-07;1,72E-07;8,89E-08;1,05E-07;3,02E-07;1,71E-07;2,06E-07;2,09E-07;1,77E-07;3,49E-07;3,06E-07;2,41E-07;1,60E-07;9,44E-08;2,16E-07;2,61E-07;1,98E-07;1,72E-07;3,17E-07;7,26E-09;6,29E-08;1,42E-07;2,01E-07;3,05E-08;1,27E-07;1,96E-07;3,20E-07;7,31E-08;2,11E-07;3,47E-07;1,78E-07;4,81E-08;5,09E-08;1,37E-07;1,25E-07;2,79E-08;2,28E-07;1,72E-07;0,00E+00;9,06E-09;1,40E-07;1,65E-07;7,41E-08;3,77E-07;2,44E-07;1,43E-07;1,89E-07;0,00E+00;0,00E+00;1,48E-08;2,50E-07;1,52E-07;6,49E-08;1,53E-07;6,34E-08;8,79E-08;4,66E-08;1,50E-07;3,98E-08;0,00E+00;2,63E-08;3,47E-07;7,49E-08;0,00E+00;0,00E+00;2,73E-08;4,76E-09;2,22E-07;3,17E-08;4,57E-08;1,19E-07;1,41E-07;1,37E-07;8,30E-08;7,68E-08;7,90E-09;1,83E-07;3,54E-07;1,81E-07;2,31E-07;3,47E-08;9,85E-08;3,10E-09;1,50E-07;7,95E-08;1,38E-07;2,81E-07;1,87E-07;8,79E-08;1,58E-07;4,68E-09;1,14E-07;2,42E-07;7,41E-08;6,61E-08;4,20E-08;0,00E+00;7,70E-08;1,01E-08;2,05E-07;1,20E-07;1,43E-07;1,61E-07;0,00E+00;3,40E-08;4,47E-08;2,00E-10;4,47E-08;3,98E-07;2,51E-07;8,89E-08;2,75E-07;3,93E-07;4,61E-08;4,55E-08;7,69E-08;0,00E+00;1,25E-07;2,70E-07;7,81E-08;2,16E-07;2,81E-08;1,89E-07;2,60E-07;1,08E-07;1,46E-07;1,24E-07;9,95E-08;2,92E-08;2,10E-07;1,62E-07;0,00E+00;5,30E-08;1,78E-07;0,00E+00;0,00E+00;0,00E+00;0,00E+00;1,60E-07;6,23E-09;1,09E-07;1,57E-07;2,90E-07;1,19E-07;1,50E-07;1,44E-07;1,51E-08;0,00E+00;0,00E+00;1,60E-08;4,61E-08;9,87E-08;1,77E-07;4,55E-07;1,19E-07;0,00E+00;2,36E-07;3,19E-07;2,41E-07;0,00E+00;2,10E-07;4,79E-07;4,05E-07;9,78E-07;4,49E-07;3,00E-07;0,00E+00;0,00E+00;0,00E+00;5,92E-08;1,02E-07;4,53E-07;2,17E-08;8,63E-09;8,89E-08;0,00E+00;9,79E-08;6,15E-07;5,79E-07;9,11E-08
69;69 (2018.07.09. 15:50:33);120;0,75;5,46E-07;0,00E+00;0,00E+00;0,00E+00;0,00E+00;0,00E+00;0,00E+00;1,63E-07;7,59E-08;2,39E-07;2,28E-07;0,00E+00;0,00E+00;1,32E-07;0,00E+00;0,00E+00;0,00E+00;0,00E+00;0,00E+00;0,00E+00;0,00E+00;0,00E+00;0,00E+00;8,36E-09;0,00E+00;0,00E+00;1,62E-07;1,93E-07;1,99E-07;0,00E+00;0,00E+00;0,00E+00;0,00E+00;2,03E-07;1,45E-07;3,13E-08;4,22E-07;7,38E-07;1,06E-06;1,25E-06;2,01E-06;2,23E-06;2,85E-06;3,50E-06;4,73E-06;5,60E-06;7,35E-06;9,10E-06;1,05E-05;1,26E-05;1,52E-05;1,81E-05;2,16E-05;2,55E-05;2,99E-05;3,49E-05;4,07E-05;4,71E-05;5,49E-05;6,35E-05;7,27E-05;8,31E-05;9,53E-05;1,09E-04;1,25E-04;1,43E-04;1,64E-04;1,87E-04;2,13E-04;2,42E-04;2,74E-04;3,08E-04;3,43E-04;3,77E-04;4,12E-04;4,43E-04;4,71E-04;4,93E-04;5,08E-04;5,15E-04;5,15E-04;5,08E-04;4,93E-04;4,72E-04;4,47E-04;4,20E-04;3,93E-04;3,64E-04;3,36E-04;3,09E-04;2,86E-04;2,64E-04;2,44E-04;2,25E-04;2,07E-04;1,91E-04;1,77E-04;1,62E-04;1,49E-04;1,36E-04;1,24E-04;1,12E-04;1,01E-04;9,14E-05;8,26E-05;7,46E-05;6,73E-05;6,09E-05;5,54E-05;4,98E-05;4,50E-05;4,09E-05;3,71E-05;3,38E-05;3,05E-05;2,79E-05;2,54E-05;2,28E-05;2,06E-05;1,87E-05;1,68E-05;1,53E-05;1,38E-05;1,23E-05;1,14E-05;1,04E-05;9,33E-06;8,42E-06;7,76E-06;7,15E-06;6,45E-06;5,88E-06;5,19E-06;4,97E-06;4,39E-06;4,07E-06;3,59E-06;3,41E-06;3,19E-06;2,88E-06;2,86E-06;2,55E-06;2,48E-06;2,08E-06;1,98E-06;1,84E-06;1,53E-06;1,50E-06;1,39E-06;1,39E-06;1,09E-06;1,19E-06;9,52E-07;8,89E-07;9,26E-07;8,66E-07;7,98E-07;7,01E-07;6,71E-07;6,84E-07;6,81E-07;5,95E-07;4,69E-07;5,56E-07;5,71E-07;6,38E-07;5,36E-07;6,16E-07;4,78E-07;4,14E-07;2,58E-07;4,36E-07;4,61E-07;3,89E-07;4,55E-07;4,91E-07;3,30E-07;3,80E-07;3,44E-07;2,47E-07;3,30E-07;2,61E-07;4,39E-07;3,78E-07;3,00E-07;3,10E-07;2,97E-07;2,84E-07;4,43E-07;4,18E-07;3,83E-07;4,02E-07;4,63E-07;3,88E-07;1,33E-07;3,23E-07;2,55E-07;2,80E-07;3,26E-07;1,77E-07;9,88E-08;3,10E-07;2,53E-07;3,30E-07;3,10E-07;3,09E-07;1,99E-07;2,24E-07;1,99E-07;1,16E-07;1,56E-07;2,55E-07;3,73E-07;2,83E-07;1,79E-07;1,11E-07;4,11E-07;2,92E-07;8,75E-08;1,51E-07;1,68E-07;1,88E-07;8,88E-09;1,29E-07;1,97E-07;1,44E-07;1,45E-07;1,84E-07;2,43E-07;2,16E-07;1,63E-07;1,44E-07;2,27E-08;1,91E-07;4,38E-08;7,62E-08;3,35E-07;2,38E-07;2,57E-07;2,04E-07;1,11E-07;1,98E-07;3,13E-07;2,56E-07;5,64E-08;6,31E-10;1,83E-07;3,47E-07;8,33E-08;7,23E-08;8,06E-08;1,43E-07;1,03E-07;1,28E-07;1,39E-07;2,24E-07;1,05E-07;8,16E-08;2,14E-07;2,02E-07;3,38E-08;0,00E+00;7,33E-08;2,60E-08;1,38E-07;1,59E-07;3,15E-07;2,11E-07;3,04E-07;2,70E-07;1,46E-07;5,52E-08;7,27E-09;5,93E-09;1,55E-07;9,41E-08;2,42E-08;1,47E-07;1,09E-07;1,14E-07;2,53E-07;2,18E-07;1,77E-07;0,00E+00;2,00E-08;1,81E-08;6,54E-08;1,68E-07;0,00E+00;2,88E-08;1,26E-07;0,00E+00;5,16E-08;1,24E-07;2,90E-07;3,67E-07;0,00E+00;1,05E-08;7,90E-08;7,50E-08;1,09E-07;5,54E-08;0,00E+00;4,60E-08;5,27E-09;3,62E-08;5,22E-08;1,20E-07;3,19E-08;1,19E-07;7,03E-09;0,00E+00;0,00E+00;0,00E+00;3,95E-08;9,91E-08;6,66E-08;1,06E-08;9,23E-08;2,92E-07;4,19E-08;0,00E+00;8,59E-08;9,67E-08;0,00E+00;0,00E+00;0,00E+00;5,38E-08;2,90E-07;2,46E-08;7,04E-08;0,00E+00;6,69E-08;2,30E-07;3,07E-08;3,39E-09;1,84E-07;4,36E-08;1,20E-07;8,32E-08;3,74E-08;2,59E-07;8,38E-08;1,11E-07;1,46E-08;1,43E-07;2,12E-07;9,28E-08;2,12E-07;1,48E-07;1,08E-08;5,77E-08;1,13E-08;1,79E-07;2,40E-07;2,76E-07;2,85E-08;2,29E-07;3,43E-07;3,49E-07;3,47E-07;1,76E-07;1,61E-07;4,22E-07;1,34E-07;5,14E-08;1,69E-08;2,10E-07;2,36E-09;2,08E-07;5,63E-07;6,83E-07;7,57E-07;2,88E-07;5,57E-08;1,46E-07;1,84E-07;4,25E-09;1,65E-07;0,00E+00;2,32E-07;5,05E-07;4,11E-07;1,31E-07;1,86E-07;0,00E+00;0,00E+00;8,82E-08;3,06E-07;1,25E-07;2,13E-07;4,54E-07;1,85E-07;1,59E-06;3,10E-08;5,03E-07;6,54E-07;4,10E-07;4,64E-07;0,00E+00;6,69E-07
70;70 (2018.07.09. 15:51:00);135;0,87;0,00E+00;0,00E+00;1,16E-06;0,00E+00;3,64E-07;0,00E+00;1,32E-07;2,16E-07;4,79E-07;8,17E-08;2,70E-08;3,70E-07;4,02E-08;1,67E-08;1,45E-06;9,64E-08;4,29E-08;0,00E+00;0,00E+00;0,00E+00;0,00E+00;0,00E+00;0,00E+00;0,00E+00;0,00E+00;0,00E+00;0,00E+00;0,00E+00;0,00E+00;3,74E-08;1,88E-08;1,84E-07;2,18E-08;2,99E-08;1,41E-07;6,98E-07;1,08E-06;7,75E-07;1,52E-06;1,91E-06;2,35E-06;3,29E-06;3,60E-06;4,72E-06;5,79E-06;6,99E-06;8,10E-06;1,02E-05;1,27E-05;1,52E-05;1,83E-05;2,17E-05;2,55E-05;2,99E-05;3,55E-05;4,16E-05;4,84E-05;5,56E-05;6,48E-05;7,49E-05;8,59E-05;9,77E-05;1,12E-04;1,29E-04;1,47E-04;1,68E-04;1,93E-04;2,20E-04;2,50E-04;2,84E-04;3,21E-04;3,61E-04;4,01E-04;4,42E-04;4,81E-04;5,18E-04;5,50E-04;5,75E-04;5,92E-04;6,01E-04;6,01E-04;5,92E-04;5,74E-04;5,50E-04;5,20E-04;4,90E-04;4,58E-04;4,24E-04;3,91E-04;3,60E-04;3,33E-04;3,08E-04;2,85E-04;2,63E-04;2,42E-04;2,23E-04;2,06E-04;1,89E-04;1,73E-04;1,58E-04;1,44E-04;1,30E-04;1,18E-04;1,07E-04;9,63E-05;8,68E-05;7,81E-05;7,10E-05;6,39E-05;5,79E-05;5,30E-05;4,80E-05;4,33E-05;3,92E-05;3,56E-05;3,25E-05;2,95E-05;2,69E-05;2,41E-05;2,18E-05;1,96E-05;1,78E-05;1,64E-05;1,47E-05;1,34E-05;1,21E-05;1,07E-05;9,91E-06;9,23E-06;8,22E-06;7,51E-06;6,76E-06;6,12E-06;5,66E-06;5,32E-06;4,81E-06;4,42E-06;4,30E-06;3,59E-06;3,59E-06;2,99E-06;2,90E-06;2,69E-06;2,30E-06;2,06E-06;2,41E-06;1,70E-06;1,80E-06;1,66E-06;1,41E-06;1,44E-06;1,26E-06;1,06E-06;9,74E-07;9,87E-07;8,88E-07;8,39E-07;8,53E-07;9,73E-07;8,43E-07;6,84E-07;8,96E-07;8,12E-07;5,23E-07;4,16E-07;5,72E-07;6,79E-07;6,13E-07;5,41E-07;4,70E-07;4,63E-07;4,54E-07;5,69E-07;4,79E-07;5,08E-07;4,32E-07;5,01E-07;2,84E-07;4,90E-07;3,49E-07;3,73E-07;4,17E-07;5,46E-07;4,12E-07;2,50E-07;3,72E-07;4,28E-07;2,32E-07;2,21E-07;4,91E-07;6,64E-07;4,59E-07;4,82E-07;3,50E-07;2,42E-07;3,15E-07;3,39E-07;4,27E-07;3,92E-07;5,40E-07;3,83E-07;2,13E-07;2,47E-07;1,59E-07;4,98E-07;2,48E-07;3,33E-07;3,36E-07;3,39E-07;2,74E-07;2,77E-07;2,44E-07;6,19E-08;2,52E-07;3,56E-07;5,20E-07;1,70E-07;1,96E-07;1,27E-07;1,25E-07;2,94E-07;2,72E-07;2,50E-07;1,78E-07;2,24E-07;1,90E-07;1,71E-08;2,87E-07;2,80E-07;2,36E-07;1,51E-07;1,75E-07;3,50E-07;4,32E-07;1,45E-07;1,71E-07;2,53E-07;2,34E-07;1,75E-07;3,14E-07;8,96E-08;3,86E-07;2,26E-08;5,55E-08;1,18E-07;1,68E-07;2,44E-07;1,53E-07;0,00E+00;1,92E-08;7,73E-08;3,84E-08;1,50E-07;1,17E-07;1,53E-07;1,22E-08;2,15E-07;4,73E-08;3,25E-07;3,43E-07;2,03E-07;2,97E-07;2,34E-07;3,15E-07;4,93E-08;2,35E-07;2,05E-08;1,46E-07;6,63E-08;9,74E-08;1,52E-07;2,03E-07;1,87E-07;2,45E-07;3,01E-07;1,37E-07;2,09E-07;6,54E-08;3,51E-08;9,32E-09;0,00E+00;1,68E-08;2,77E-07;2,62E-07;2,84E-08;1,54E-07;2,62E-07;7,92E-08;5,19E-08;6,75E-08;3,29E-07;1,07E-07;1,37E-07;4,82E-08;0,00E+00;0,00E+00;6,52E-08;1,26E-07;0,00E+00;2,54E-07;3,57E-07;1,43E-07;3,87E-07;1,16E-08;6,18E-09;5,58E-08;3,56E-08;0,00E+00;0,00E+00;0,00E+00;0,00E+00;0,00E+00;3,68E-08;1,67E-07;0,00E+00;0,00E+00;3,87E-08;1,25E-08;0,00E+00;0,00E+00;0,00E+00;1,43E-07;5,09E-07;4,18E-07;1,87E-07;2,86E-08;1,66E-07;8,44E-10;0,00E+00;0,00E+00;1,57E-07;2,29E-07;0,00E+00;3,33E-07;2,18E-07;1,87E-07;1,17E-07;3,23E-07;2,51E-08;1,31E-07;6,58E-08;0,00E+00;1,76E-07;3,92E-07;1,16E-07;8,21E-08;2,19E-07;0,00E+00;1,66E-07;8,20E-08;4,72E-07;3,95E-08;4,41E-09;5,98E-08;2,59E-08;4,11E-08;8,94E-08;5,14E-08;1,28E-07;1,36E-08;4,94E-07;3,44E-07;0,00E+00;1,91E-07;4,42E-07;3,29E-07;3,45E-07;1,25E-07;9,23E-10;2,57E-07;1,12E-07;3,24E-07;0,00E+00;5,86E-07;7,57E-07;3,81E-07;3,24E-07;0,00E+00;0,00E+00;8,86E-08;4,39E-07;6,51E-07;3,06E-07;1,69E-07;2,50E-07;0,00E+00;4,94E-08;1,96E-07;3,26E-07;7,07E-07;6,71E-07;2,43E-07;8,57E-07;4,27E-08;8,49E-08;8,73E-07;4,96E-08;9,38E-08;4,42E-07;8,48E-07;4,75E-07
71;71 (2018.07.09. 15:51:28);150;1;0,00E+00;0,00E+00;0,00E+00;0,00E+00;0,00E+00;6,65E-07;0,00E+00;3,51E-07;1,35E-07;4,27E-07;0,00E+00;9,79E-07;0,00E+00;0,00E+00;3,15E-07;7,75E-07;2,30E-07;0,00E+00;0,00E+00;0,00E+00;0,00E+00;0,00E+00;0,00E+00;0,00E+00;0,00E+00;0,00E+00;2,13E-07;0,00E+00;0,00E+00;0,00E+00;0,00E+00;2,07E-08;2,86E-09;1,14E-07;6,19E-07;5,27E-07;9,85E-07;1,25E-06;1,72E-06;1,88E-06;2,54E-06;3,45E-06;4,25E-06;5,54E-06;6,91E-06;8,39E-06;9,91E-06;1,22E-05;1,48E-05;1,74E-05;2,11E-05;2,55E-05;3,00E-05;3,48E-05;4,13E-05;4,80E-05;5,59E-05;6,44E-05;7,50E-05;8,65E-05;9,91E-05;1,13E-04;1,30E-04;1,49E-04;1,70E-04;1,94E-04;2,22E-04;2,53E-04;2,88E-04;3,26E-04;3,68E-04;4,13E-04;4,59E-04;5,05E-04;5,50E-04;5,92E-04;6,29E-04;6,57E-04;6,77E-04;6,87E-04;6,86E-04;6,76E-04;6,56E-04;6,28E-04;5,95E-04;5,59E-04;5,24E-04;4,84E-04;4,47E-04;4,12E-04;3,80E-04;3,52E-04;3,26E-04;3,00E-04;2,76E-04;2,55E-04;2,35E-04;2,16E-04;1,98E-04;1,81E-04;1,65E-04;1,49E-04;1,36E-04;1,22E-04;1,10E-04;9,95E-05;8,95E-05;8,10E-05;7,31E-05;6,65E-05;6,02E-05;5,49E-05;5,00E-05;4,52E-05;4,11E-05;3,72E-05;3,39E-05;3,07E-05;2,78E-05;2,51E-05;2,24E-05;2,03E-05;1,86E-05;1,67E-05;1,51E-05;1,39E-05;1,27E-05;1,15E-05;1,04E-05;9,64E-06;8,66E-06;7,64E-06;7,01E-06;6,47E-06;5,75E-06;5,35E-06;5,33E-06;4,72E-06;4,24E-06;3,90E-06;3,52E-06;3,19E-06;3,09E-06;2,54E-06;2,37E-06;2,71E-06;2,10E-06;1,66E-06;1,78E-06;1,84E-06;1,53E-06;1,26E-06;1,55E-06;1,25E-06;1,03E-06;1,27E-06;1,03E-06;8,89E-07;7,16E-07;7,08E-07;7,60E-07;7,21E-07;5,88E-07;8,27E-07;6,98E-07;5,71E-07;7,31E-07;7,17E-07;6,83E-07;5,02E-07;5,88E-07;5,26E-07;5,10E-07;4,61E-07;5,15E-07;4,60E-07;4,07E-07;6,04E-07;4,99E-07;4,51E-07;5,12E-07;4,30E-07;5,55E-07;5,00E-07;1,98E-07;3,07E-07;3,71E-07;5,00E-07;5,01E-07;5,20E-07;3,94E-07;4,68E-07;3,89E-07;3,11E-07;3,83E-07;4,06E-07;3,59E-07;4,60E-07;2,95E-07;4,28E-07;2,94E-07;2,25E-07;1,24E-07;2,32E-07;3,75E-07;3,39E-07;4,57E-07;5,95E-07;1,64E-07;2,84E-07;4,18E-07;2,63E-07;2,34E-07;3,77E-07;3,33E-07;3,15E-07;1,29E-07;1,14E-07;2,26E-07;2,46E-07;1,64E-08;2,22E-07;1,65E-07;1,65E-07;3,48E-07;3,16E-07;8,32E-08;3,67E-07;2,45E-07;2,45E-07;2,74E-07;8,56E-08;1,60E-08;2,10E-11;2,65E-07;7,46E-08;2,89E-07;5,17E-07;3,65E-07;2,42E-07;2,46E-07;2,64E-07;3,03E-07;2,16E-07;4,09E-07;2,95E-07;1,90E-07;2,57E-07;2,18E-07;2,06E-07;8,32E-08;8,14E-08;2,49E-07;3,02E-07;3,51E-07;1,05E-07;3,17E-08;0,00E+00;7,96E-08;2,94E-07;3,37E-07;2,44E-07;3,09E-08;0,00E+00;1,34E-07;2,70E-07;1,03E-08;1,08E-07;2,39E-07;2,23E-07;1,52E-08;0,00E+00;1,92E-07;3,83E-08;5,05E-08;6,72E-08;1,02E-07;2,96E-07;1,86E-07;2,10E-07;1,78E-07;3,83E-09;1,04E-07;2,00E-07;1,61E-07;1,45E-07;0,00E+00;0,00E+00;7,71E-09;4,83E-07;4,12E-07;2,96E-07;1,59E-07;1,29E-07;2,86E-07;3,08E-07;0,00E+00;1,26E-07;3,64E-07;0,00E+00;3,65E-08;1,85E-08;4,74E-07;1,49E-08;4,93E-08;3,39E-07;6,99E-08;3,23E-07;4,08E-07;6,90E-08;6,18E-08;2,46E-07;4,20E-08;3,17E-07;3,30E-07;6,19E-08;0,00E+00;2,11E-07;2,24E-08;2,00E-07;1,36E-07;9,61E-08;8,62E-08;3,94E-07;1,95E-07;0,00E+00;0,00E+00;7,19E-08;1,85E-07;4,44E-07;2,18E-07;1,12E-07;1,79E-07;2,88E-07;9,65E-08;0,00E+00;0,00E+00;0,00E+00;1,15E-07;1,37E-07;9,65E-08;2,06E-07;4,25E-07;2,23E-07;6,82E-08;4,63E-07;1,78E-07;1,16E-07;1,59E-07;3,91E-07;3,56E-07;2,25E-08;2,51E-08;3,92E-07;2,60E-07;4,27E-07;4,20E-07;1,49E-07;4,56E-07;3,03E-07;3,74E-07;2,53E-07;6,69E-08;8,72E-08;4,26E-07;3,40E-07;4,53E-08;0,00E+00;6,39E-07;1,95E-07;1,03E-07;4,13E-07;1,87E-07;0,00E+00;0,00E+00;9,73E-07;1,04E-07;1,31E-07;3,83E-07;2,89E-07;5,68E-07;1,08E-06;3,71E-07;4,39E-08;0,00E+00;5,54E-07;3,18E-07;1,02E-06;9,24E-07;5,03E-07;0,00E+00;2,34E-07;3,34E-07;5,04E-07;2,77E-08;2,85E-07;0,00E+00;3,14E-07;3,54E-07;4,97E-07;1,95E-07
72;72 (2018.07.09. 15:52:12);165;1,13;3,92E-07;1,71E-06;7,50E-08;8,68E-07;0,00E+00;0,00E+00;2,79E-07;1,02E-07;6,04E-07;6,60E-07;8,76E-07;3,94E-07;8,49E-07;0,00E+00;5,87E-08;1,34E-07;4,62E-07;1,14E-08;1,96E-07;1,75E-07;7,11E-07;8,42E-08;0,00E+00;1,32E-08;1,59E-07;0,00E+00;0,00E+00;0,00E+00;0,00E+00;2,59E-07;1,98E-07;2,73E-07;4,88E-08;2,55E-07;6,55E-07;2,41E-07;9,58E-07;1,25E-06;1,93E-06;3,18E-06;3,16E-06;3,85E-06;5,34E-06;6,12E-06;7,79E-06;9,67E-06;1,12E-05;1,38E-05;1,71E-05;2,02E-05;2,44E-05;2,87E-05;3,39E-05;3,96E-05;4,65E-05;5,47E-05;6,37E-05;7,35E-05;8,50E-05;9,82E-05;1,12E-04;1,29E-04;1,47E-04;1,68E-04;1,92E-04;2,19E-04;2,51E-04;2,85E-04;3,24E-04;3,67E-04;4,15E-04;4,65E-04;5,16E-04;5,69E-04;6,19E-04;6,65E-04;7,06E-04;7,38E-04;7,60E-04;7,71E-04;7,71E-04;7,59E-04;7,37E-04;7,05E-04;6,69E-04;6,29E-04;5,88E-04;5,45E-04;5,03E-04;4,63E-04;4,28E-04;3,96E-04;3,66E-04;3,38E-04;3,11E-04;2,87E-04;2,64E-04;2,43E-04;2,22E-04;2,03E-04;1,85E-04;1,68E-04;1,52E-04;1,38E-04;1,24E-04;1,12E-04;1,01E-04;9,12E-05;8,25E-05;7,47E-05;6,81E-05;6,17E-05;5,58E-05;5,06E-05;4,59E-05;4,19E-05;3,82E-05;3,45E-05;3,14E-05;2,85E-05;2,55E-05;2,31E-05;2,12E-05;1,89E-05;1,71E-05;1,55E-05;1,43E-05;1,28E-05;1,19E-05;1,07E-05;9,46E-06;8,57E-06;8,18E-06;7,42E-06;6,75E-06;6,21E-06;5,88E-06;5,26E-06;4,80E-06;4,37E-06;3,75E-06;3,92E-06;3,45E-06;3,23E-06;3,02E-06;2,74E-06;2,23E-06;2,01E-06;1,98E-06;1,80E-06;2,05E-06;1,54E-06;1,49E-06;1,59E-06;1,47E-06;1,21E-06;1,25E-06;1,13E-06;1,10E-06;9,35E-07;9,11E-07;8,59E-07;8,97E-07;9,69E-07;8,75E-07;6,78E-07;7,10E-07;7,91E-07;7,00E-07;5,47E-07;5,89E-07;4,14E-07;5,43E-07;5,21E-07;5,99E-07;5,26E-07;6,46E-07;6,61E-07;9,23E-07;5,11E-07;5,17E-07;5,62E-07;6,28E-07;2,80E-07;5,65E-07;4,31E-07;4,81E-07;5,39E-07;4,87E-07;4,08E-07;4,05E-07;4,25E-07;5,03E-07;3,37E-07;6,27E-07;3,62E-07;2,89E-07;2,88E-07;1,33E-07;5,99E-07;2,46E-07;4,65E-07;6,44E-07;6,70E-07;4,71E-07;3,71E-07;4,19E-07;4,03E-07;5,27E-07;3,60E-07;2,95E-07;1,75E-07;3,80E-07;5,28E-07;4,58E-07;5,61E-07;5,16E-07;3,19E-07;3,87E-07;1,49E-07;1,17E-08;3,30E-07;5,52E-08;1,85E-07;6,46E-08;2,52E-07;3,21E-07;1,36E-07;2,96E-07;1,28E-07;5,35E-07;7,03E-07;2,58E-07;2,91E-07;2,79E-07;1,36E-07;1,30E-07;2,48E-07;3,66E-07;3,47E-07;6,68E-07;3,45E-07;4,45E-07;4,90E-07;5,94E-07;5,96E-07;2,88E-07;2,21E-08;2,90E-07;2,80E-09;3,67E-08;8,40E-08;3,70E-08;3,66E-07;9,96E-08;2,07E-07;3,37E-07;0,00E+00;0,00E+00;0,00E+00;0,00E+00;3,47E-07;3,66E-07;5,46E-08;3,64E-08;4,66E-10;3,39E-08;7,07E-08;2,39E-07;1,76E-07;2,06E-07;4,30E-08;0,00E+00;1,11E-07;9,31E-08;0,00E+00;1,72E-07;2,06E-07;4,27E-07;2,15E-07;7,95E-09;6,60E-08;9,19E-08;1,36E-07;9,10E-08;8,22E-08;0,00E+00;0,00E+00;5,45E-09;2,87E-07;2,07E-08;9,87E-08;5,99E-08;0,00E+00;3,47E-07;1,23E-08;6,90E-07;0,00E+00;0,00E+00;0,00E+00;0,00E+00;0,00E+00;5,95E-08;1,87E-09;8,30E-07;1,03E-07;3,55E-07;1,81E-07;2,92E-07;1,25E-07;3,55E-09;1,39E-07;0,00E+00;8,16E-08;1,79E-07;1,60E-07;1,02E-07;3,58E-07;3,81E-08;2,92E-07;5,45E-08;2,64E-07;9,10E-08;0,00E+00;1,04E-07;3,70E-08;0,00E+00;1,63E-07;9,00E-09;1,94E-07;6,04E-07;4,57E-07;9,31E-08;3,07E-07;5,51E-07;4,06E-07;3,49E-07;1,32E-07;4,59E-07;3,25E-07;5,22E-07;1,46E-07;1,52E-07;5,12E-07;5,58E-07;1,97E-07;3,77E-07;6,04E-07;3,04E-07;1,32E-07;2,29E-07;1,91E-08;2,27E-08;4,63E-07;6,15E-07;4,37E-07;2,59E-07;0,00E+00;4,12E-07;4,31E-07;1,41E-07;7,22E-07;4,13E-07;4,08E-07;4,18E-07;3,81E-08;4,61E-07;4,93E-07;9,69E-07;0,00E+00;1,45E-07;5,07E-07;2,01E-07;5,68E-08;0,00E+00;0,00E+00;8,93E-07;3,21E-09;1,25E-07;0,00E+00;0,00E+00;0,00E+00;0,00E+00;7,62E-07;1,46E-07;3,25E-08;4,72E-07;2,53E-07;3,61E-07;9,00E-07;9,39E-07;3,13E-07;3,16E-07;1,57E-08;1,12E-06;3,22E-07;6,40E-08;9,19E-07;1,70E-06;5,49E-07;8,43E-07
73;73 (2018.07.09. 15:53:03);180;1,25;3,09E-07;3,32E-07;8,69E-07;0,00E+00;0,00E+00;1,77E-07;1,15E-06;1,74E-07;3,32E-07;1,05E-06;0,00E+00;0,00E+00;0,00E+00;3,84E-07;4,62E-07;3,14E-07;0,00E+00;0,00E+00;0,00E+00;2,34E-07;0,00E+00;0,00E+00;0,00E+00;7,08E-07;0,00E+00;0,00E+00;2,91E-09;1,23E-07;0,00E+00;0,00E+00;0,00E+00;4,05E-08;5,61E-09;9,19E-08;3,68E-07;5,34E-07;1,47E-06;1,57E-06;2,27E-06;3,13E-06;3,50E-06;5,10E-06;5,86E-06;7,39E-06;8,83E-06;1,05E-05;1,29E-05;1,64E-05;1,93E-05;2,29E-05;2,75E-05;3,29E-05;3,86E-05;4,60E-05;5,28E-05;6,17E-05;7,12E-05;8,28E-05;9,55E-05;1,10E-04;1,26E-04;1,44E-04;1,65E-04;1,88E-04;2,15E-04;2,45E-04;2,80E-04;3,18E-04;3,60E-04;4,08E-04;4,61E-04;5,16E-04;5,73E-04;6,30E-04;6,86E-04;7,38E-04;7,82E-04;8,18E-04;8,43E-04;8,56E-04;8,56E-04;8,43E-04;8,19E-04;7,85E-04;7,44E-04;7,00E-04;6,55E-04;6,06E-04;5,59E-04;5,16E-04;4,77E-04;4,41E-04;4,08E-04;3,76E-04;3,47E-04;3,20E-04;2,95E-04;2,71E-04;2,48E-04;2,27E-04;2,07E-04;1,88E-04;1,69E-04;1,53E-04;1,39E-04;1,25E-04;1,12E-04;1,01E-04;9,20E-05;8,35E-05;7,56E-05;6,88E-05;6,22E-05;5,63E-05;5,10E-05;4,69E-05;4,21E-05;3,84E-05;3,49E-05;3,14E-05;2,84E-05;2,54E-05;2,30E-05;2,11E-05;1,91E-05;1,72E-05;1,55E-05;1,44E-05;1,31E-05;1,20E-05;1,11E-05;9,42E-06;8,97E-06;8,19E-06;7,55E-06;6,76E-06;6,47E-06;5,78E-06;5,40E-06;4,99E-06;4,42E-06;4,40E-06;4,01E-06;3,41E-06;2,93E-06;2,51E-06;2,92E-06;2,32E-06;2,09E-06;2,23E-06;1,85E-06;1,88E-06;1,68E-06;1,59E-06;1,36E-06;1,27E-06;9,52E-07;1,16E-06;9,53E-07;9,85E-07;9,77E-07;1,16E-06;8,81E-07;7,58E-07;7,34E-07;5,67E-07;8,77E-07;8,83E-07;5,37E-07;6,39E-07;3,97E-07;4,22E-07;6,13E-07;5,76E-07;6,69E-07;8,65E-07;8,29E-07;7,05E-07;5,66E-07;4,99E-07;4,13E-07;3,62E-07;3,82E-07;5,15E-07;4,14E-07;4,69E-07;5,91E-08;3,42E-07;5,41E-07;4,68E-07;3,03E-07;4,80E-07;5,03E-07;6,13E-07;2,35E-07;4,85E-07;2,42E-07;5,74E-07;4,04E-07;4,20E-07;5,69E-07;5,71E-07;5,91E-07;7,60E-07;4,12E-08;3,91E-07;4,34E-07;2,17E-07;3,74E-07;3,98E-07;3,63E-07;4,72E-07;4,81E-07;2,79E-07;4,26E-07;1,71E-07;4,08E-07;4,44E-07;5,90E-07;6,38E-07;1,08E-07;2,00E-07;5,98E-07;4,52E-07;2,29E-07;1,68E-07;3,33E-07;3,60E-07;3,65E-07;4,76E-07;1,81E-07;1,92E-07;2,63E-07;2,86E-08;2,45E-07;3,90E-07;1,24E-07;1,64E-07;2,54E-07;8,41E-08;5,68E-08;6,64E-07;3,38E-07;3,46E-07;4,22E-07;9,33E-08;2,08E-07;2,67E-08;6,78E-10;1,14E-08;2,93E-08;9,49E-08;1,79E-07;5,82E-07;1,38E-07;0,00E+00;1,08E-07;5,39E-09;2,76E-08;0,00E+00;5,27E-08;5,13E-08;0,00E+00;2,63E-07;2,14E-07;1,97E-07;3,36E-07;2,73E-07;2,47E-07;1,02E-07;1,26E-07;5,46E-07;5,85E-07;2,10E-08;4,86E-07;5,68E-08;1,38E-07;3,45E-07;2,37E-07;2,70E-08;0,00E+00;3,89E-08;4,82E-07;0,00E+00;0,00E+00;0,00E+00;0,00E+00;5,31E-07;7,52E-08;0,00E+00;1,16E-07;3,19E-07;2,76E-07;3,65E-07;6,52E-08;5,31E-07;1,41E-07;1,07E-07;3,08E-07;0,00E+00;2,78E-07;3,10E-07;3,96E-08;0,00E+00;2,87E-07;9,68E-08;2,58E-07;0,00E+00;4,38E-07;1,17E-07;1,57E-07;0,00E+00;0,00E+00;0,00E+00;0,00E+00;1,80E-07;1,14E-07;0,00E+00;7,84E-08;2,46E-08;4,58E-07;2,00E-07;1,53E-07;4,72E-08;3,10E-08;1,38E-07;3,43E-07;1,63E-09;8,22E-08;6,26E-08;3,09E-07;2,79E-07;1,27E-07;7,13E-07;2,66E-07;2,88E-09;1,57E-07;0,00E+00;1,82E-07;2,18E-07;0,00E+00;8,81E-07;4,55E-07;1,89E-07;0,00E+00;2,14E-07;5,71E-07;3,79E-07;3,89E-07;2,97E-08;5,99E-07;5,01E-08;0,00E+00;0,00E+00;7,52E-08;1,19E-07;6,48E-08;2,70E-07;2,58E-07;1,21E-06;2,28E-07;2,03E-07;8,44E-07;1,42E-07;0,00E+00;0,00E+00;0,00E+00;4,77E-07;5,35E-09;0,00E+00;1,96E-07;9,12E-07;5,55E-07;1,70E-07;9,47E-08;3,71E-07;3,97E-08;1,56E-07;1,35E-07;8,21E-07;2,06E-07;8,57E-08;7,40E-08;0,00E+00;6,32E-07;8,50E-08;1,11E-06;1,42E-07;0,00E+00;1,86E-07;7,69E-07;2,93E-07;1,07E-06;5,30E-08;4,07E-07;0,00E+00;0,00E+00;0,00E+00;5,13E-07;3,53E-07;0,00E+00
74;74 (2018.07.09. 15:53:27);195;1,38;0,00E+00;0,00E+00;1,50E-07;0,00E+00;0,00E+00;0,00E+00;0,00E+00;0,00E+00;8,96E-08;6,61E-07;1,25E-07;0,00E+00;0,00E+00;0,00E+00;9,70E-07;0,00E+00;0,00E+00;0,00E+00;0,00E+00;1,06E-06;0,00E+00;0,00E+00;1,22E-07;1,51E-08;0,00E+00;6,83E-08;0,00E+00;0,00E+00;0,00E+00;0,00E+00;0,00E+00;0,00E+00;4,73E-07;5,68E-07;6,28E-07;1,19E-06;9,58E-07;1,73E-06;2,67E-06;3,81E-06;3,88E-06;4,50E-06;6,14E-06;7,70E-06;9,69E-06;1,23E-05;1,52E-05;1,82E-05;2,16E-05;2,53E-05;3,04E-05;3,65E-05;4,28E-05;4,94E-05;5,85E-05;6,83E-05;7,93E-05;9,18E-05;1,06E-04;1,22E-04;1,39E-04;1,59E-04;1,82E-04;2,08E-04;2,37E-04;2,70E-04;3,08E-04;3,50E-04;3,97E-04;4,49E-04;5,06E-04;5,68E-04;6,31E-04;6,92E-04;7,53E-04;8,10E-04;8,59E-04;8,99E-04;9,25E-04;9,39E-04;9,39E-04;9,26E-04;8,99E-04;8,62E-04;8,18E-04;7,69E-04;7,20E-04;6,67E-04;6,15E-04;5,67E-04;5,24E-04;4,85E-04;4,49E-04;4,14E-04;3,81E-04;3,51E-04;3,24E-04;2,98E-04;2,74E-04;2,50E-04;2,28E-04;2,06E-04;1,87E-04;1,69E-04;1,52E-04;1,37E-04;1,24E-04;1,12E-04;1,02E-04;9,19E-05;8,36E-05;7,54E-05;6,83E-05;6,23E-05;5,64E-05;5,09E-05;4,65E-05;4,22E-05;3,83E-05;3,47E-05;3,14E-05;2,84E-05;2,57E-05;2,33E-05;2,12E-05;1,89E-05;1,78E-05;1,60E-05;1,44E-05;1,32E-05;1,22E-05;1,08E-05;9,76E-06;9,07E-06;8,48E-06;7,88E-06;6,98E-06;6,62E-06;5,75E-06;4,95E-06;5,04E-06;4,76E-06;4,24E-06;3,85E-06;3,41E-06;3,59E-06;3,24E-06;2,68E-06;2,37E-06;2,57E-06;2,29E-06;2,10E-06;1,84E-06;1,91E-06;1,46E-06;1,54E-06;1,23E-06;1,47E-06;1,24E-06;1,20E-06;1,13E-06;1,24E-06;1,07E-06;6,06E-07;8,34E-07;9,62E-07;9,59E-07;7,78E-07;7,93E-07;6,33E-07;8,70E-07;7,72E-07;8,54E-07;9,09E-07;5,57E-07;4,83E-07;5,58E-07;6,91E-07;3,87E-07;5,38E-07;6,25E-07;8,03E-07;8,80E-07;5,48E-07;4,26E-07;6,11E-07;5,33E-07;5,21E-07;8,08E-07;8,64E-07;6,52E-07;3,35E-07;3,88E-07;3,78E-07;3,01E-07;7,50E-07;6,29E-07;7,79E-07;7,62E-07;6,91E-07;6,68E-07;5,93E-07;4,94E-07;4,27E-07;4,04E-07;4,63E-07;4,48E-07;4,34E-07;3,44E-07;6,66E-07;7,86E-08;6,02E-07;2,60E-07;3,48E-07;1,92E-07;2,22E-07;3,05E-07;6,69E-07;7,05E-07;5,98E-07;5,36E-07;1,50E-07;5,66E-07;4,17E-07;1,68E-08;1,99E-07;4,80E-07;3,09E-07;1,09E-07;3,23E-07;2,45E-07;9,76E-08;1,33E-07;7,34E-07;6,40E-07;4,59E-07;3,68E-07;1,44E-07;4,68E-07;9,34E-08;1,27E-07;7,66E-08;2,93E-07;5,03E-07;2,01E-07;4,53E-08;1,52E-08;5,94E-07;4,21E-07;7,18E-08;1,70E-07;3,80E-07;5,16E-07;2,41E-07;0,00E+00;3,77E-08;4,94E-07;3,64E-07;4,07E-07;9,12E-08;3,26E-07;2,97E-07;1,85E-07;2,24E-07;2,08E-07;3,66E-07;1,82E-07;0,00E+00;1,32E-07;2,98E-07;3,16E-07;9,00E-08;4,81E-07;0,00E+00;2,27E-08;9,00E-08;2,08E-07;4,27E-07;1,20E-07;4,50E-07;3,31E-07;5,22E-09;1,41E-07;2,73E-07;3,65E-08;3,21E-07;1,30E-07;2,85E-07;8,45E-08;2,73E-07;3,38E-07;2,02E-07;2,02E-07;4,00E-07;5,71E-07;1,73E-08;1,36E-07;5,14E-07;1,65E-07;2,37E-07;2,14E-07;3,02E-07;7,07E-08;0,00E+00;3,84E-07;0,00E+00;0,00E+00;1,33E-07;8,71E-08;0,00E+00;8,42E-08;4,28E-07;2,35E-07;4,63E-07;1,62E-07;9,62E-08;3,02E-07;7,76E-08;2,52E-07;0,00E+00;8,20E-08;4,39E-07;2,19E-07;0,00E+00;1,87E-07;6,68E-08;2,58E-07;1,31E-09;4,33E-08;4,41E-07;3,85E-07;0,00E+00;4,26E-07;1,68E-07;0,00E+00;1,94E-07;8,39E-08;7,94E-08;1,79E-07;2,09E-07;1,36E-07;3,93E-07;1,42E-07;6,07E-07;1,46E-07;8,96E-07;6,80E-08;0,00E+00;1,93E-07;4,08E-07;1,70E-07;4,28E-07;7,53E-07;0,00E+00;8,06E-08;1,28E-07;6,95E-08;5,39E-07;7,50E-07;1,46E-06;0,00E+00;0,00E+00;0,00E+00;3,56E-07;3,66E-07;0,00E+00;1,11E-07;1,29E-06;7,40E-07;9,30E-07;0,00E+00;2,14E-07;3,40E-07;0,00E+00;0,00E+00;7,95E-07;1,62E-06;3,87E-09;2,70E-07;6,57E-07;4,22E-07;7,37E-07;3,75E-07;1,20E-07;3,39E-07;2,50E-07;8,19E-07;0,00E+00;2,17E-07;3,43E-07;0,00E+00;9,58E-07;2,21E-07;0,00E+00;1,02E-06;1,89E-06;1,65E-06;1,30E-06;1,03E-06;3,78E-07;8,12E-07
75;75 (2018.07.09. 15:55:04);210;1,51;1,13E-06;1,21E-06;0,00E+00;2,02E-07;1,08E-07;1,09E-07;1,33E-06;3,65E-07;2,27E-09;0,00E+00;0,00E+00;5,49E-07;6,56E-07;1,28E-06;0,00E+00;0,00E+00;2,52E-07;0,00E+00;4,62E-07;2,11E-07;0,00E+00;0,00E+00;0,00E+00;1,36E-08;1,22E-08;3,09E-07;0,00E+00;1,37E-07;5,39E-07;9,51E-08;7,05E-08;1,33E-07;5,45E-07;2,09E-08;3,06E-07;8,43E-07;2,08E-06;2,18E-06;2,55E-06;3,15E-06;4,46E-06;5,82E-06;7,35E-06;9,24E-06;1,08E-05;1,34E-05;1,63E-05;1,99E-05;2,39E-05;2,89E-05;3,40E-05;4,02E-05;4,76E-05;5,64E-05;6,51E-05;7,54E-05;8,79E-05;1,01E-04;1,17E-04;1,34E-04;1,53E-04;1,75E-04;2,00E-04;2,28E-04;2,60E-04;2,95E-04;3,36E-04;3,82E-04;4,31E-04;4,87E-04;5,49E-04;6,15E-04;6,82E-04;7,50E-04;8,16E-04;8,77E-04;9,31E-04;9,74E-04;1,00E-03;1,02E-03;1,02E-03;1,01E-03;9,78E-04;9,39E-04;8,91E-04;8,40E-04;7,87E-04;7,29E-04;6,73E-04;6,21E-04;5,74E-04;5,31E-04;4,91E-04;4,53E-04;4,18E-04;3,85E-04;3,56E-04;3,27E-04;2,99E-04;2,73E-04;2,49E-04;2,26E-04;2,06E-04;1,86E-04;1,68E-04;1,51E-04;1,37E-04;1,24E-04;1,11E-04;1,01E-04;9,10E-05;8,29E-05;7,55E-05;6,84E-05;6,21E-05;5,64E-05;5,11E-05;4,65E-05;4,19E-05;3,78E-05;3,39E-05;3,14E-05;2,84E-05;2,58E-05;2,34E-05;2,14E-05;1,83E-05;1,73E-05;1,59E-05;1,46E-05;1,31E-05;1,20E-05;1,14E-05;1,02E-05;9,44E-06;8,09E-06;7,92E-06;6,97E-06;6,76E-06;5,86E-06;5,83E-06;4,80E-06;4,62E-06;4,26E-06;4,32E-06;3,49E-06;3,26E-06;3,13E-06;2,87E-06;2,53E-06;2,21E-06;2,34E-06;1,61E-06;1,76E-06;1,63E-06;1,45E-06;1,49E-06;1,86E-06;1,37E-06;1,00E-06;1,06E-06;1,09E-06;1,20E-06;1,13E-06;1,02E-06;1,26E-06;9,28E-07;9,64E-07;7,08E-07;8,63E-07;9,77E-07;5,22E-07;9,25E-07;7,86E-07;7,16E-07;8,18E-07;8,20E-07;8,23E-07;3,53E-07;7,32E-07;9,48E-07;8,86E-07;6,49E-07;4,09E-07;4,15E-07;6,75E-07;3,43E-07;4,27E-07;3,88E-07;8,85E-07;3,93E-07;4,83E-07;6,57E-07;7,93E-07;6,37E-07;6,50E-07;4,50E-07;4,36E-07;7,17E-07;5,99E-07;6,01E-07;5,80E-07;4,81E-07;7,24E-07;6,85E-07;8,74E-07;2,83E-07;2,99E-07;7,28E-07;3,21E-07;6,15E-07;3,88E-07;6,62E-07;7,26E-07;6,17E-07;7,94E-07;5,62E-07;4,07E-07;3,50E-07;5,55E-07;4,42E-08;3,18E-07;1,01E-07;4,00E-07;5,04E-07;2,49E-07;1,52E-07;5,39E-07;1,66E-07;2,43E-07;6,43E-07;5,18E-07;1,99E-07;2,45E-07;1,50E-07;1,12E-07;3,72E-07;2,55E-07;5,73E-08;7,49E-07;4,54E-07;5,23E-08;4,57E-07;4,62E-07;6,69E-07;6,09E-07;1,62E-07;3,73E-07;2,55E-07;3,75E-07;1,26E-07;1,22E-07;3,74E-07;7,40E-07;6,75E-07;9,43E-07;5,39E-08;1,84E-07;1,30E-07;2,52E-07;1,80E-07;1,75E-07;2,03E-07;5,16E-07;1,22E-07;4,03E-07;0,00E+00;7,34E-08;2,27E-07;1,44E-07;5,76E-07;1,19E-06;1,80E-07;4,15E-07;4,47E-07;5,15E-07;1,95E-07;2,97E-07;1,00E-06;2,96E-07;3,34E-07;1,87E-07;2,86E-07;2,85E-08;4,88E-08;0,00E+00;0,00E+00;7,88E-08;0,00E+00;5,80E-08;3,65E-07;2,47E-07;5,08E-07;7,65E-07;4,32E-07;5,51E-07;5,84E-07;4,23E-08;1,22E-07;1,75E-07;1,57E-07;0,00E+00;3,17E-07;9,97E-09;2,87E-07;3,80E-07;6,74E-07;3,32E-07;0,00E+00;0,00E+00;0,00E+00;3,39E-08;5,44E-07;2,15E-07;0,00E+00;2,13E-07;1,35E-07;0,00E+00;3,72E-07;3,40E-08;5,91E-07;0,00E+00;4,33E-08;4,87E-08;0,00E+00;5,74E-07;8,76E-08;0,00E+00;9,74E-08;0,00E+00;1,92E-07;5,46E-07;2,74E-07;2,72E-07;1,33E-07;0,00E+00;0,00E+00;1,76E-07;6,12E-07;3,75E-07;7,54E-08;0,00E+00;0,00E+00;3,37E-07;9,98E-08;8,46E-08;5,61E-07;5,55E-07;4,05E-07;4,35E-07;6,52E-08;0,00E+00;0,00E+00;0,00E+00;3,12E-07;4,95E-07;2,31E-07;4,09E-07;8,62E-08;3,86E-07;1,11E-06;4,73E-07;0,00E+00;3,29E-07;3,37E-07;0,00E+00;0,00E+00;0,00E+00;1,60E-07;0,00E+00;1,16E-07;4,52E-07;2,67E-07;7,57E-08;0,00E+00;0,00E+00;6,80E-07;4,28E-09;1,66E-07;0,00E+00;0,00E+00;0,00E+00;5,97E-07;6,21E-07;1,74E-06;2,05E-07;4,25E-08;1,69E-07;0,00E+00;5,51E-07;6,34E-07;4,23E-07;8,14E-08;9,84E-07;2,83E-07;8,00E-07;2,00E-06;2,00E-06;8,01E-07;0,00E+00;0,00E+00
76;76 (2018.07.09. 15:55:31);225;1,63;1,16E-06;3,20E-06;0,00E+00;0,00E+00;1,33E-07;0,00E+00;0,00E+00;6,29E-07;0,00E+00;0,00E+00;0,00E+00;1,83E-07;0,00E+00;0,00E+00;1,45E-07;1,20E-06;3,38E-07;1,03E-07;4,65E-07;1,12E-08;2,53E-08;1,36E-07;0,00E+00;0,00E+00;0,00E+00;0,00E+00;0,00E+00;0,00E+00;0,00E+00;2,42E-07;0,00E+00;4,07E-07;5,64E-08;6,37E-07;6,08E-07;4,59E-07;1,32E-06;2,15E-06;3,03E-06;3,84E-06;5,09E-06;6,39E-06;8,39E-06;9,50E-06;1,23E-05;1,50E-05;1,77E-05;2,19E-05;2,63E-05;3,10E-05;3,74E-05;4,40E-05;5,21E-05;6,09E-05;7,07E-05;8,27E-05;9,60E-05;1,10E-04;1,27E-04;1,46E-04;1,67E-04;1,90E-04;2,17E-04;2,47E-04;2,81E-04;3,19E-04;3,64E-04;4,13E-04;4,67E-04;5,27E-04;5,94E-04;6,64E-04;7,37E-04;8,10E-04;8,81E-04;9,48E-04;1,01E-03;1,05E-03;1,08E-03;1,10E-03;1,10E-03;1,09E-03;1,06E-03;1,02E-03;9,65E-04;9,09E-04;8,52E-04;7,90E-04;7,29E-04;6,73E-04;6,22E-04;5,76E-04;5,33E-04;4,92E-04;4,52E-04;4,17E-04;3,85E-04;3,53E-04;3,24E-04;2,97E-04;2,70E-04;2,46E-04;2,22E-04;2,01E-04;1,82E-04;1,64E-04;1,48E-04;1,34E-04;1,20E-04;1,09E-04;9,97E-05;9,04E-05;8,16E-05;7,41E-05;6,75E-05;6,13E-05;5,56E-05;5,03E-05;4,56E-05;4,15E-05;3,74E-05;3,41E-05;3,06E-05;2,76E-05;2,48E-05;2,24E-05;2,09E-05;1,88E-05;1,71E-05;1,58E-05;1,45E-05;1,37E-05;1,15E-05;1,07E-05;9,96E-06;9,35E-06;8,53E-06;7,54E-06;6,95E-06;6,62E-06;5,76E-06;5,69E-06;5,03E-06;4,71E-06;4,20E-06;3,86E-06;3,78E-06;3,32E-06;2,87E-06;2,65E-06;2,89E-06;2,44E-06;2,06E-06;1,97E-06;2,05E-06;1,75E-06;2,00E-06;1,54E-06;1,59E-06;1,47E-06;1,46E-06;1,57E-06;1,18E-06;1,35E-06;1,16E-06;9,62E-07;1,04E-06;6,60E-07;9,34E-07;7,69E-07;6,53E-07;7,40E-07;8,71E-07;1,03E-06;9,83E-07;1,01E-06;6,99E-07;9,46E-07;8,63E-07;6,53E-07;9,29E-07;6,34E-07;7,43E-07;8,42E-07;6,91E-07;5,65E-07;6,38E-07;6,50E-07;5,43E-07;7,93E-07;5,15E-07;6,87E-07;9,38E-07;6,76E-07;6,47E-07;6,95E-07;6,44E-07;4,17E-07;3,05E-07;3,49E-07;4,72E-07;7,17E-07;3,49E-07;3,36E-07;1,14E-07;4,61E-07;8,41E-07;5,88E-07;4,93E-07;3,25E-07;5,46E-07;1,75E-07;0,00E+00;6,03E-07;5,77E-07;3,05E-07;6,72E-07;5,10E-07;5,07E-07;7,58E-07;2,76E-07;9,33E-09;1,78E-07;2,65E-07;2,73E-07;3,04E-07;1,91E-07;8,03E-07;3,17E-07;7,54E-07;4,21E-07;4,05E-07;2,32E-07;2,71E-07;1,64E-07;4,14E-07;2,09E-07;0,00E+00;0,00E+00;1,29E-07;4,02E-07;4,36E-07;1,92E-07;4,72E-07;1,35E-07;9,25E-08;3,34E-10;0,00E+00;4,29E-07;1,24E-07;1,39E-07;0,00E+00;0,00E+00;9,48E-08;3,64E-07;7,90E-08;1,42E-07;0,00E+00;0,00E+00;0,00E+00;0,00E+00;2,41E-07;1,48E-07;2,66E-07;4,37E-07;8,33E-07;0,00E+00;3,60E-08;1,59E-07;1,16E-07;1,28E-07;5,37E-07;5,61E-07;0,00E+00;4,47E-08;4,43E-07;8,16E-07;3,28E-07;0,00E+00;3,12E-07;1,13E-07;1,26E-08;2,87E-07;5,56E-07;2,05E-07;5,06E-07;2,83E-07;1,26E-08;3,91E-07;1,59E-08;1,60E-07;3,88E-07;2,18E-07;1,42E-07;2,87E-07;9,01E-09;6,72E-07;2,61E-07;1,03E-07;5,52E-08;1,21E-07;2,07E-07;3,43E-08;2,03E-07;5,59E-07;0,00E+00;0,00E+00;3,77E-07;8,87E-07;5,22E-07;2,07E-08;2,40E-07;5,96E-07;2,36E-07;0,00E+00;5,83E-08;2,56E-07;7,05E-08;8,15E-07;3,19E-07;9,95E-08;3,97E-07;0,00E+00;0,00E+00;7,55E-08;3,87E-07;5,49E-08;7,12E-07;2,63E-08;1,86E-07;1,69E-07;2,47E-07;2,22E-07;8,73E-08;4,21E-07;3,50E-07;1,19E-07;6,73E-07;4,28E-07;5,31E-07;6,82E-07;7,59E-07;6,28E-07;2,50E-07;4,09E-07;5,42E-07;2,11E-07;1,30E-07;5,34E-08;9,47E-08;4,69E-07;3,72E-08;0,00E+00;0,00E+00;0,00E+00;0,00E+00;0,00E+00;7,07E-07;9,41E-07;7,71E-08;7,58E-07;3,47E-07;7,39E-07;7,36E-07;0,00E+00;9,09E-07;1,38E-06;9,34E-07;1,42E-06;1,95E-08;1,41E-07;2,59E-07;5,86E-07;2,76E-07;4,67E-07;4,40E-07;2,21E-07;6,07E-07;0,00E+00;0,00E+00;5,97E-07;1,00E-06;1,37E-06;1,45E-06;2,00E-06;4,74E-08;1,20E-06;2,60E-06;5,87E-07;5,01E-07;6,37E-07;5,40E-07;5,51E-07;5,62E-07;5,28E-07;0,00E+00;0,00E+00;0,00E+00;3,33E-07;6,39E-07;1,61E-07
77;77 (2018.07.09. 15:55:55);240;1,77;0,00E+00;0,00E+00;0,00E+00;0,00E+00;1,71E-06;0,00E+00;6,04E-07;1,49E-06;1,31E-06;1,24E-06;1,08E-06;3,38E-08;1,08E-07;2,89E-07;0,00E+00;0,00E+00;6,18E-08;3,61E-07;9,19E-07;9,51E-08;7,24E-07;2,46E-07;0,00E+00;3,68E-09;0,00E+00;3,39E-07;5,22E-07;2,04E-07;2,11E-07;0,00E+00;6,29E-07;6,74E-07;3,90E-07;4,02E-07;3,63E-07;2,13E-06;8,10E-07;2,81E-06;3,04E-06;4,10E-06;5,68E-06;7,55E-06;9,47E-06;1,20E-05;1,35E-05;1,63E-05;2,00E-05;2,40E-05;2,84E-05;3,39E-05;4,08E-05;4,84E-05;5,67E-05;6,67E-05;7,76E-05;9,06E-05;1,05E-04;1,20E-04;1,39E-04;1,60E-04;1,82E-04;2,08E-04;2,37E-04;2,69E-04;3,06E-04;3,47E-04;3,95E-04;4,48E-04;5,07E-04;5,72E-04;6,44E-04;7,20E-04;7,99E-04;8,78E-04;9,55E-04;1,03E-03;1,09E-03;1,14E-03;1,18E-03;1,19E-03;1,20E-03;1,18E-03;1,15E-03;1,10E-03;1,05E-03;9,88E-04;9,26E-04;8,59E-04;7,93E-04;7,31E-04;6,76E-04;6,25E-04;5,79E-04;5,35E-04;4,93E-04;4,54E-04;4,19E-04;3,85E-04;3,53E-04;3,23E-04;2,94E-04;2,67E-04;2,42E-04;2,18E-04;1,98E-04;1,79E-04;1,61E-04;1,46E-04;1,32E-04;1,19E-04;1,08E-04;9,84E-05;8,93E-05;8,11E-05;7,29E-05;6,66E-05;6,04E-05;5,45E-05;4,98E-05;4,49E-05;4,03E-05;3,70E-05;3,35E-05;2,99E-05;2,74E-05;2,48E-05;2,27E-05;2,06E-05;1,90E-05;1,71E-05;1,55E-05;1,41E-05;1,30E-05;1,16E-05;1,04E-05;1,00E-05;8,78E-06;8,49E-06;8,13E-06;6,99E-06;6,35E-06;5,98E-06;5,56E-06;4,98E-06;4,70E-06;4,57E-06;4,11E-06;3,58E-06;3,31E-06;2,99E-06;2,94E-06;2,47E-06;2,87E-06;2,21E-06;2,31E-06;1,93E-06;2,19E-06;1,90E-06;1,80E-06;1,46E-06;1,48E-06;1,65E-06;1,53E-06;1,43E-06;9,96E-07;1,14E-06;1,11E-06;1,13E-06;7,49E-07;7,20E-07;1,11E-06;1,04E-06;5,46E-07;7,71E-07;1,01E-06;1,11E-06;1,09E-06;6,20E-07;7,43E-07;9,33E-07;9,79E-07;6,67E-07;9,83E-07;8,85E-07;7,91E-07;7,47E-07;7,89E-07;6,89E-07;5,67E-07;8,77E-07;7,12E-07;4,00E-07;6,51E-07;8,47E-07;7,12E-07;4,15E-07;2,96E-07;2,88E-07;5,80E-07;6,20E-07;5,46E-07;7,61E-07;8,01E-07;5,61E-07;7,22E-07;6,77E-07;5,08E-07;6,00E-07;6,56E-07;2,85E-07;4,43E-07;7,83E-07;4,42E-07;4,54E-07;5,73E-07;4,88E-07;3,37E-07;5,76E-07;4,46E-07;5,94E-07;4,11E-07;1,24E-07;7,77E-07;8,20E-07;4,45E-07;5,47E-07;5,01E-07;8,35E-07;7,62E-08;4,09E-07;2,46E-07;9,09E-08;4,38E-08;3,53E-11;9,07E-07;1,94E-07;3,82E-07;3,44E-07;3,22E-07;5,17E-08;7,59E-08;4,02E-08;3,07E-07;3,50E-07;3,03E-07;0,00E+00;4,28E-07;6,41E-07;1,83E-07;0,00E+00;0,00E+00;5,73E-08;5,65E-08;2,33E-07;3,42E-07;7,06E-07;1,90E-09;4,84E-08;3,89E-08;1,94E-07;2,96E-07;1,44E-07;8,80E-08;2,03E-07;2,67E-07;3,70E-07;0,00E+00;8,50E-08;2,63E-07;3,68E-07;2,63E-07;1,28E-07;1,69E-08;2,14E-08;5,86E-07;4,01E-07;8,88E-08;8,69E-08;0,00E+00;0,00E+00;7,63E-07;9,18E-07;8,44E-07;3,50E-07;9,37E-08;3,93E-07;1,39E-07;5,48E-07;4,24E-07;5,32E-07;1,60E-07;3,93E-07;2,13E-07;5,88E-07;9,29E-07;7,60E-07;6,78E-07;7,36E-08;2,12E-07;0,00E+00;3,83E-07;4,26E-07;3,30E-07;2,24E-07;3,20E-07;2,49E-07;3,35E-07;5,08E-07;2,24E-07;6,50E-07;2,54E-07;6,55E-08;9,97E-07;1,67E-07;9,22E-08;1,08E-07;7,72E-08;1,17E-07;7,65E-07;2,26E-08;4,97E-07;8,13E-07;7,73E-07;0,00E+00;1,60E-07;5,71E-08;0,00E+00;0,00E+00;0,00E+00;0,00E+00;1,34E-07;4,41E-07;3,48E-07;6,16E-08;8,90E-07;1,49E-06;6,64E-07;9,21E-08;1,50E-07;3,82E-07;1,31E-07;0,00E+00;0,00E+00;6,50E-09;5,48E-07;6,71E-07;6,80E-07;4,27E-07;5,65E-08;2,00E-07;5,05E-08;0,00E+00;0,00E+00;2,38E-07;9,51E-07;2,46E-07;3,57E-07;2,05E-07;6,36E-07;6,80E-08;1,13E-07;1,94E-06;5,85E-07;0,00E+00;0,00E+00;1,20E-07;3,96E-08;0,00E+00;1,49E-06;4,24E-07;5,98E-07;2,06E-07;3,27E-07;1,17E-07;1,64E-06;1,31E-06;1,08E-06;4,97E-09;2,54E-07;5,14E-07;4,25E-07;0,00E+00;5,54E-07;4,75E-07;3,23E-08;0,00E+00;2,96E-07;1,79E-06;1,59E-06;1,28E-07;1,14E-07;0,00E+00;2,44E-07;1,22E-08;2,42E-08;5,56E-07;1,39E-06;9,72E-07;6,41E-07;9,90E-07;1,38E-06
78;78 (2018.07.09. 15:56:14);255;1,78;8,58E-08;0,00E+00;1,22E-06;0,00E+00;9,27E-08;1,85E-07;8,82E-07;3,07E-07;0,00E+00;1,36E-06;4,49E-07;0,00E+00;0,00E+00;0,00E+00;0,00E+00;1,26E-06;5,63E-07;1,10E-07;4,79E-07;1,86E-07;9,24E-07;1,23E-07;0,00E+00;0,00E+00;0,00E+00;0,00E+00;7,62E-07;3,57E-07;2,57E-07;4,24E-07;1,67E-07;4,44E-07;2,97E-08;2,17E-07;1,69E-06;2,35E-06;1,35E-06;2,98E-06;3,22E-06;4,48E-06;5,97E-06;6,75E-06;9,13E-06;1,10E-05;1,34E-05;1,67E-05;1,96E-05;2,43E-05;2,91E-05;3,47E-05;4,19E-05;4,95E-05;5,75E-05;6,71E-05;7,88E-05;9,17E-05;1,06E-04;1,21E-04;1,41E-04;1,62E-04;1,84E-04;2,09E-04;2,39E-04;2,71E-04;3,08E-04;3,50E-04;3,99E-04;4,52E-04;5,11E-04;5,76E-04;6,49E-04;7,26E-04;8,06E-04;8,84E-04;9,61E-04;1,03E-03;1,10E-03;1,15E-03;1,18E-03;1,20E-03;1,20E-03;1,19E-03;1,16E-03;1,11E-03;1,06E-03;9,95E-04;9,33E-04;8,65E-04;7,99E-04;7,37E-04;6,82E-04;6,31E-04;5,85E-04;5,39E-04;4,97E-04;4,58E-04;4,23E-04;3,88E-04;3,56E-04;3,25E-04;2,97E-04;2,69E-04;2,44E-04;2,20E-04;1,99E-04;1,80E-04;1,63E-04;1,47E-04;1,34E-04;1,21E-04;1,09E-04;9,88E-05;9,02E-05;8,15E-05;7,44E-05;6,70E-05;6,09E-05;5,55E-05;5,07E-05;4,57E-05;4,14E-05;3,70E-05;3,40E-05;3,03E-05;2,80E-05;2,52E-05;2,26E-05;2,06E-05;1,89E-05;1,71E-05;1,59E-05;1,43E-05;1,35E-05;1,19E-05;1,06E-05;1,03E-05;8,89E-06;8,35E-06;7,94E-06;7,49E-06;6,49E-06;6,27E-06;5,66E-06;4,86E-06;4,52E-06;4,77E-06;3,68E-06;3,58E-06;3,23E-06;2,85E-06;2,93E-06;2,80E-06;2,79E-06;2,46E-06;2,04E-06;2,10E-06;2,09E-06;1,78E-06;1,79E-06;1,60E-06;1,18E-06;1,35E-06;9,07E-07;1,11E-06;1,26E-06;1,26E-06;1,07E-06;1,06E-06;1,07E-06;1,08E-06;1,13E-06;6,71E-07;7,82E-07;6,80E-07;8,10E-07;8,55E-07;5,95E-07;5,45E-07;6,53E-07;7,34E-07;8,84E-07;6,46E-07;5,68E-07;4,33E-07;7,40E-07;9,08E-07;6,62E-07;6,70E-07;8,21E-07;5,28E-07;7,09E-07;1,85E-07;6,25E-07;3,51E-07;4,36E-07;6,71E-07;7,74E-07;5,30E-07;4,70E-07;5,89E-07;7,96E-07;4,16E-07;3,40E-07;8,17E-07;3,29E-07;2,43E-07;7,40E-07;6,91E-07;6,03E-07;7,44E-07;4,13E-07;3,70E-07;4,18E-07;4,71E-07;4,30E-07;7,01E-07;3,46E-07;6,22E-07;4,57E-07;1,66E-07;5,14E-07;5,49E-07;3,77E-07;1,27E-07;2,47E-07;4,76E-07;3,70E-07;5,14E-08;5,35E-07;7,88E-07;3,34E-07;3,31E-07;4,28E-07;1,22E-07;9,03E-08;5,21E-07;3,30E-07;5,38E-07;3,45E-07;1,77E-07;1,72E-07;5,48E-07;1,37E-07;3,38E-07;9,82E-08;6,66E-08;4,36E-07;4,73E-08;3,67E-07;0,00E+00;0,00E+00;0,00E+00;2,56E-08;1,17E-07;7,22E-08;3,88E-09;5,55E-08;2,27E-08;1,82E-07;4,03E-07;3,85E-07;1,16E-07;9,47E-08;2,22E-07;6,37E-07;2,79E-07;4,17E-08;3,84E-07;4,58E-07;3,09E-07;4,41E-07;7,06E-07;5,11E-07;3,82E-07;2,35E-07;1,59E-07;3,78E-07;8,85E-08;5,70E-07;1,51E-07;0,00E+00;4,09E-07;2,73E-07;7,12E-08;4,77E-08;1,06E-07;2,83E-08;0,00E+00;7,41E-07;1,81E-07;0,00E+00;0,00E+00;0,00E+00;7,63E-08;1,83E-08;0,00E+00;2,09E-07;2,35E-07;4,32E-07;0,00E+00;0,00E+00;2,37E-07;4,30E-07;6,69E-07;1,13E-07;8,30E-07;1,45E-07;0,00E+00;3,07E-07;8,19E-08;1,10E-07;0,00E+00;1,87E-08;8,48E-08;0,00E+00;0,00E+00;3,93E-07;2,21E-07;2,30E-07;4,59E-07;1,50E-07;8,17E-07;4,81E-07;3,88E-07;5,42E-07;2,13E-07;6,90E-07;3,43E-09;0,00E+00;8,77E-08;3,42E-07;5,07E-07;4,52E-07;6,28E-08;0,00E+00;2,52E-07;0,00E+00;0,00E+00;0,00E+00;4,79E-07;3,12E-07;0,00E+00;5,97E-07;4,00E-07;2,88E-07;3,10E-07;1,48E-07;4,20E-07;1,73E-07;0,00E+00;1,20E-07;9,72E-07;3,08E-07;4,55E-07;3,04E-07;2,91E-07;7,25E-07;2,61E-07;0,00E+00;0,00E+00;0,00E+00;0,00E+00;0,00E+00;0,00E+00;2,00E-07;7,32E-07;2,02E-07;0,00E+00;0,00E+00;1,95E-07;1,98E-07;1,32E-07;0,00E+00;0,00E+00;0,00E+00;0,00E+00;8,03E-07;8,72E-07;6,28E-08;4,63E-07;8,40E-07;8,43E-07;1,04E-07;8,56E-07;6,07E-07;0,00E+00;1,50E-07;5,98E-07;9,46E-08;6,70E-07;4,65E-07;1,04E-06;1,24E-06;4,95E-08;9,53E-07;1,01E-06;1,01E-07;8,88E-07;7,88E-07;1,55E-06;2,73E-06
