;Data Name;Comment;;Lv;380nm;381nm;382nm;383nm;384nm;385nm;386nm;387nm;388nm;389nm;390nm;391nm;392nm;393nm;394nm;395nm;396nm;397nm;398nm;399nm;400nm;401nm;402nm;403nm;404nm;405nm;406nm;407nm;408nm;409nm;410nm;411nm;412nm;413nm;414nm;415nm;416nm;417nm;418nm;419nm;420nm;421nm;422nm;423nm;424nm;425nm;426nm;427nm;428nm;429nm;430nm;431nm;432nm;433nm;434nm;435nm;436nm;437nm;438nm;439nm;440nm;441nm;442nm;443nm;444nm;445nm;446nm;447nm;448nm;449nm;450nm;451nm;452nm;453nm;454nm;455nm;456nm;457nm;458nm;459nm;460nm;461nm;462nm;463nm;464nm;465nm;466nm;467nm;468nm;469nm;470nm;471nm;472nm;473nm;474nm;475nm;476nm;477nm;478nm;479nm;480nm;481nm;482nm;483nm;484nm;485nm;486nm;487nm;488nm;489nm;490nm;491nm;492nm;493nm;494nm;495nm;496nm;497nm;498nm;499nm;500nm;501nm;502nm;503nm;504nm;505nm;506nm;507nm;508nm;509nm;510nm;511nm;512nm;513nm;514nm;515nm;516nm;517nm;518nm;519nm;520nm;521nm;522nm;523nm;524nm;525nm;526nm;527nm;528nm;529nm;530nm;531nm;532nm;533nm;534nm;535nm;536nm;537nm;538nm;539nm;540nm;541nm;542nm;543nm;544nm;545nm;546nm;547nm;548nm;549nm;550nm;551nm;552nm;553nm;554nm;555nm;556nm;557nm;558nm;559nm;560nm;561nm;562nm;563nm;564nm;565nm;566nm;567nm;568nm;569nm;570nm;571nm;572nm;573nm;574nm;575nm;576nm;577nm;578nm;579nm;580nm;581nm;582nm;583nm;584nm;585nm;586nm;587nm;588nm;589nm;590nm;591nm;592nm;593nm;594nm;595nm;596nm;597nm;598nm;599nm;600nm;601nm;602nm;603nm;604nm;605nm;606nm;607nm;608nm;609nm;610nm;611nm;612nm;613nm;614nm;615nm;616nm;617nm;618nm;619nm;620nm;621nm;622nm;623nm;624nm;625nm;626nm;627nm;628nm;629nm;630nm;631nm;632nm;633nm;634nm;635nm;636nm;637nm;638nm;639nm;640nm;641nm;642nm;643nm;644nm;645nm;646nm;647nm;648nm;649nm;650nm;651nm;652nm;653nm;654nm;655nm;656nm;657nm;658nm;659nm;660nm;661nm;662nm;663nm;664nm;665nm;666nm;667nm;668nm;669nm;670nm;671nm;672nm;673nm;674nm;675nm;676nm;677nm;678nm;679nm;680nm;681nm;682nm;683nm;684nm;685nm;686nm;687nm;688nm;689nm;690nm;691nm;692nm;693nm;694nm;695nm;696nm;697nm;698nm;699nm;700nm;701nm;702nm;703nm;704nm;705nm;706nm;707nm;708nm;709nm;710nm;711nm;712nm;713nm;714nm;715nm;716nm;717nm;718nm;719nm;720nm;721nm;722nm;723nm;724nm;725nm;726nm;727nm;728nm;729nm;730nm;731nm;732nm;733nm;734nm;735nm;736nm;737nm;738nm;739nm;740nm;741nm;742nm;743nm;744nm;745nm;746nm;747nm;748nm;749nm;750nm;751nm;752nm;753nm;754nm;755nm;756nm;757nm;758nm;759nm;760nm;761nm;762nm;763nm;764nm;765nm;766nm;767nm;768nm;769nm;770nm;771nm;772nm;773nm;774nm;775nm;776nm;777nm;778nm;779nm;780nm
27;27 (2018.07.09. 14:47:16);Teljesen sötét;;0;0,00E+00;0,00E+00;0,00E+00;0,00E+00;0,00E+00;1,12E-08;1,44E-07;3,73E-08;0,00E+00;0,00E+00;1,18E-09;2,87E-08;1,05E-07;4,85E-08;0,00E+00;0,00E+00;0,00E+00;9,62E-08;3,90E-08;1,77E-08;1,37E-07;0,00E+00;0,00E+00;7,37E-09;1,10E-07;1,78E-08;3,73E-08;4,13E-08;6,34E-09;0,00E+00;3,89E-08;3,85E-08;0,00E+00;2,79E-08;4,27E-08;2,43E-09;0,00E+00;0,00E+00;4,53E-08;2,58E-08;7,44E-08;3,68E-08;1,54E-08;6,84E-08;2,82E-08;7,56E-09;8,62E-08;2,77E-08;7,57E-08;1,28E-08;4,73E-08;3,73E-08;5,26E-08;4,05E-08;0,00E+00;0,00E+00;2,33E-08;7,77E-08;0,00E+00;0,00E+00;0,00E+00;3,34E-09;4,25E-08;2,07E-08;0,00E+00;8,56E-09;0,00E+00;0,00E+00;4,04E-08;2,80E-08;2,26E-08;2,28E-08;2,21E-09;0,00E+00;0,00E+00;0,00E+00;0,00E+00;8,51E-08;7,81E-09;3,89E-08;5,65E-09;6,81E-08;7,04E-08;7,68E-08;5,20E-08;4,11E-09;2,75E-08;0,00E+00;7,46E-08;0,00E+00;0,00E+00;0,00E+00;2,04E-08;1,14E-08;3,62E-08;1,18E-08;0,00E+00;3,13E-08;4,73E-10;4,44E-08;5,03E-08;6,46E-08;5,77E-08;5,91E-08;1,98E-08;2,44E-08;5,23E-08;8,37E-08;1,10E-08;4,61E-08;1,57E-08;0,00E+00;6,86E-08;2,35E-08;2,52E-08;5,11E-08;2,66E-08;1,72E-08;4,69E-08;6,97E-08;6,74E-08;6,65E-08;6,48E-08;7,12E-08;6,43E-08;4,03E-08;2,70E-09;3,01E-08;1,18E-08;2,34E-08;6,98E-08;4,60E-08;2,47E-08;4,28E-09;7,61E-09;5,21E-08;1,91E-08;1,62E-08;2,02E-08;4,51E-08;2,51E-09;3,80E-08;9,76E-09;5,55E-08;2,09E-08;6,68E-09;4,88E-08;4,25E-08;2,37E-08;1,96E-09;0,00E+00;1,36E-09;9,53E-09;1,73E-08;4,90E-08;4,91E-08;5,27E-08;3,87E-08;5,59E-08;6,68E-08;4,22E-08;1,34E-08;4,34E-08;1,47E-08;3,56E-08;6,65E-08;5,93E-08;3,58E-08;3,29E-08;6,33E-08;3,66E-08;4,15E-08;8,16E-09;2,92E-08;2,19E-08;6,90E-08;5,71E-08;4,87E-08;1,34E-08;1,84E-08;1,48E-08;3,21E-08;5,33E-09;1,86E-08;3,76E-08;7,29E-09;1,45E-08;2,17E-08;6,72E-09;6,73E-09;4,27E-08;4,22E-08;2,70E-08;1,65E-09;4,90E-08;1,04E-08;4,54E-08;4,86E-08;4,65E-08;6,11E-08;7,07E-08;2,25E-08;8,35E-09;4,69E-08;1,36E-08;1,67E-08;3,64E-08;5,96E-08;4,90E-08;4,35E-09;5,09E-08;5,10E-08;3,24E-08;4,92E-08;2,63E-08;9,20E-10;1,26E-08;2,01E-08;1,46E-08;3,50E-08;3,41E-09;4,79E-08;8,11E-08;7,53E-08;4,16E-08;4,23E-08;4,79E-08;7,18E-09;3,52E-09;3,16E-08;5,68E-08;2,22E-08;4,36E-08;5,86E-08;4,74E-09;3,37E-08;2,31E-08;2,29E-08;1,02E-08;0,00E+00;3,45E-08;9,73E-10;1,76E-08;5,57E-08;4,46E-08;6,33E-09;0,00E+00;6,00E-08;2,65E-08;8,65E-09;4,45E-08;2,53E-08;2,02E-08;5,61E-08;1,28E-08;4,57E-08;8,85E-08;5,96E-08;4,96E-09;3,07E-08;2,74E-08;3,40E-08;6,14E-08;2,19E-08;8,28E-08;4,19E-08;5,58E-08;0,00E+00;1,10E-08;2,10E-08;1,66E-08;5,33E-08;2,50E-08;6,34E-08;6,05E-08;1,28E-08;3,22E-08;8,89E-09;2,86E-08;7,60E-09;8,78E-08;7,23E-08;5,29E-08;7,15E-09;3,83E-08;7,87E-08;1,99E-08;4,67E-08;6,35E-08;0,00E+00;1,31E-08;4,82E-08;2,36E-08;5,36E-08;1,28E-08;6,41E-08;1,44E-08;4,18E-08;4,89E-08;7,29E-08;2,80E-08;1,58E-08;6,01E-08;1,77E-09;1,01E-08;0,00E+00;8,32E-09;1,13E-08;3,08E-08;3,67E-08;5,69E-08;2,68E-09;4,30E-08;2,67E-08;4,01E-08;4,74E-08;1,60E-08;1,88E-08;2,00E-09;2,48E-08;4,30E-08;8,08E-08;5,75E-08;0,00E+00;3,27E-08;8,96E-08;1,19E-08;2,57E-08;1,16E-08;8,80E-09;5,72E-08;6,55E-08;7,87E-08;2,52E-08;1,14E-08;8,85E-08;5,53E-09;2,83E-08;0,00E+00;0,00E+00;4,31E-08;4,54E-08;6,39E-08;1,07E-07;2,54E-08;2,04E-08;2,68E-08;4,00E-08;3,47E-08;0,00E+00;8,43E-08;8,99E-08;7,06E-08;2,43E-08;9,72E-08;3,98E-08;3,19E-08;6,51E-08;8,21E-08;6,95E-09;3,66E-08;7,96E-08;6,89E-08;8,31E-08;5,41E-08;1,16E-07;1,20E-07;1,30E-08;1,33E-07;8,87E-08;1,65E-07;1,28E-07;1,35E-07;7,78E-08;8,65E-08;1,08E-07;1,30E-07;2,34E-08;5,90E-08;0,00E+00;4,61E-08;1,21E-07;1,23E-07;3,92E-08;0,00E+00;9,73E-08;0,00E+00;4,92E-08;1,45E-07;1,48E-07;1,22E-07;3,02E-07;2,42E-07;9,63E-08;1,48E-08;2,22E-07;2,66E-07;1,50E-07;1,81E-07;1,93E-07;6,09E-08
28;28 (2018.07.09. 14:48:55);g5;5;0,05;0,00E+00;1,10E-07;1,29E-08;1,50E-07;0,00E+00;0,00E+00;1,42E-07;5,21E-08;0,00E+00;0,00E+00;2,64E-08;2,34E-07;0,00E+00;1,98E-08;7,13E-08;2,19E-08;1,52E-07;8,62E-08;0,00E+00;1,07E-07;0,00E+00;0,00E+00;9,13E-08;3,90E-08;1,76E-08;5,45E-09;0,00E+00;2,84E-08;5,08E-08;8,19E-10;1,83E-08;1,01E-07;5,22E-08;1,57E-08;3,41E-08;2,20E-08;1,85E-08;8,32E-08;7,80E-08;1,01E-07;4,55E-08;4,11E-08;1,19E-08;4,30E-08;1,07E-08;1,05E-08;4,20E-08;7,53E-09;0,00E+00;0,00E+00;9,39E-08;0,00E+00;0,00E+00;7,65E-08;1,57E-08;4,47E-09;1,68E-08;4,78E-08;2,85E-08;2,86E-08;4,12E-08;7,18E-08;2,91E-09;3,14E-08;8,07E-09;8,57E-09;1,19E-08;1,81E-08;6,69E-08;9,89E-08;4,48E-08;4,56E-08;2,72E-08;1,04E-07;4,96E-08;9,22E-08;2,73E-08;2,37E-08;2,28E-08;4,42E-08;4,27E-09;5,26E-08;2,48E-08;1,06E-07;1,38E-07;5,92E-09;6,95E-08;6,88E-08;3,87E-08;6,35E-08;1,02E-07;7,65E-08;1,13E-07;8,88E-08;1,39E-08;8,57E-08;6,80E-08;7,94E-08;8,41E-08;4,17E-08;9,00E-08;2,82E-08;1,46E-07;9,14E-08;1,58E-07;2,06E-07;1,36E-07;2,20E-07;2,09E-07;2,44E-07;2,52E-07;3,22E-07;2,66E-07;3,53E-07;4,25E-07;4,78E-07;4,54E-07;5,41E-07;6,01E-07;6,31E-07;6,59E-07;7,62E-07;7,68E-07;8,19E-07;9,25E-07;1,02E-06;1,04E-06;1,19E-06;1,26E-06;1,36E-06;1,46E-06;1,57E-06;1,63E-06;1,73E-06;1,81E-06;1,92E-06;1,93E-06;2,02E-06;2,05E-06;2,11E-06;2,14E-06;2,27E-06;2,25E-06;2,29E-06;2,36E-06;2,27E-06;2,27E-06;2,25E-06;2,18E-06;2,14E-06;2,05E-06;2,00E-06;1,91E-06;1,84E-06;1,80E-06;1,72E-06;1,68E-06;1,59E-06;1,51E-06;1,41E-06;1,36E-06;1,28E-06;1,23E-06;1,19E-06;1,14E-06;1,09E-06;1,02E-06;9,69E-07;9,22E-07;8,87E-07;8,73E-07;7,83E-07;7,47E-07;7,47E-07;6,37E-07;5,91E-07;5,82E-07;5,53E-07;5,47E-07;5,06E-07;4,80E-07;4,65E-07;4,53E-07;4,34E-07;3,85E-07;3,72E-07;3,28E-07;3,29E-07;2,86E-07;2,90E-07;2,47E-07;2,17E-07;2,34E-07;2,10E-07;1,82E-07;1,98E-07;2,06E-07;1,94E-07;1,51E-07;1,18E-07;1,20E-07;1,41E-07;1,21E-07;1,25E-07;1,43E-07;1,11E-07;1,11E-07;1,13E-07;8,53E-08;8,23E-08;1,24E-07;9,25E-08;5,96E-08;4,67E-08;4,94E-08;9,09E-08;4,25E-08;3,29E-08;2,94E-08;5,93E-08;8,06E-08;8,31E-09;4,08E-08;2,60E-08;5,95E-08;7,64E-08;2,83E-08;2,75E-09;4,46E-08;5,44E-08;8,92E-08;9,14E-08;6,82E-08;5,67E-08;6,71E-08;5,39E-08;3,19E-08;5,63E-08;1,22E-08;5,04E-08;5,14E-08;1,76E-08;4,31E-08;5,34E-08;1,22E-08;4,69E-08;5,78E-08;6,27E-08;4,32E-08;1,41E-08;3,96E-08;1,80E-08;3,48E-08;7,00E-08;4,45E-08;1,88E-08;7,08E-09;4,05E-09;3,04E-08;4,17E-08;2,63E-08;0,00E+00;5,30E-08;2,48E-08;1,00E-09;2,87E-08;7,14E-09;1,84E-09;1,19E-08;6,01E-08;6,45E-08;6,45E-08;7,23E-09;5,95E-08;1,55E-08;6,39E-09;1,16E-08;1,76E-08;3,09E-08;5,70E-09;0,00E+00;9,75E-09;2,02E-09;2,07E-08;5,19E-08;2,60E-08;6,26E-08;2,96E-08;1,09E-08;1,81E-08;9,81E-09;3,73E-08;3,13E-08;6,55E-09;1,83E-08;5,40E-08;1,08E-07;7,36E-08;3,00E-08;4,98E-08;2,33E-08;3,17E-08;1,20E-07;3,55E-09;1,39E-08;3,41E-08;5,51E-08;4,51E-08;7,70E-09;2,06E-09;0,00E+00;5,62E-08;2,34E-08;3,31E-08;3,54E-08;0,00E+00;0,00E+00;0,00E+00;4,41E-08;1,27E-08;3,51E-08;8,57E-08;7,09E-08;4,97E-08;7,46E-08;6,91E-08;7,52E-08;5,17E-08;1,44E-08;4,36E-08;6,73E-08;6,26E-09;1,29E-08;2,26E-08;3,71E-08;4,05E-10;3,31E-08;7,39E-08;3,91E-08;2,75E-08;1,79E-08;2,07E-08;2,69E-09;1,33E-09;9,47E-08;0,00E+00;4,47E-08;1,27E-07;8,59E-08;5,77E-08;3,44E-08;1,12E-07;3,27E-08;6,10E-08;0,00E+00;3,65E-08;7,05E-08;2,10E-08;0,00E+00;1,53E-08;1,28E-07;0,00E+00;0,00E+00;3,90E-08;9,01E-08;3,01E-08;0,00E+00;1,68E-08;1,33E-07;2,11E-09;2,90E-08;6,77E-08;5,40E-08;4,48E-08;6,39E-08;8,24E-08;6,79E-08;1,32E-07;3,94E-08;3,61E-08;1,24E-07;1,69E-07;1,04E-07;3,44E-08;1,40E-07;1,70E-07;2,01E-08;1,57E-07;1,98E-07;3,92E-08;1,88E-07;2,42E-07;1,64E-07;2,11E-07;1,29E-07;2,22E-07;3,16E-07;2,18E-07;2,03E-07;1,41E-07;1,33E-07
29;29 (2018.07.09. 14:49:49);g10;10;0,1;3,72E-08;3,83E-08;7,93E-09;9,18E-08;0,00E+00;0,00E+00;0,00E+00;9,15E-08;1,80E-07;4,95E-08;3,69E-08;9,26E-09;1,10E-07;3,36E-08;1,77E-07;5,75E-08;0,00E+00;1,80E-08;7,69E-08;0,00E+00;0,00E+00;2,65E-08;1,59E-08;3,44E-08;2,80E-08;2,32E-08;1,98E-09;8,38E-08;1,03E-08;6,43E-08;0,00E+00;1,71E-08;1,41E-08;1,89E-08;4,11E-08;6,92E-08;7,13E-08;8,31E-08;4,67E-08;9,28E-10;0,00E+00;6,00E-09;1,74E-09;1,95E-08;1,39E-08;2,05E-08;1,71E-07;1,27E-07;7,00E-08;4,86E-08;7,69E-08;4,88E-08;7,19E-08;4,11E-09;1,31E-08;2,42E-08;1,88E-08;6,61E-08;2,86E-08;4,14E-08;1,64E-08;6,61E-08;3,16E-08;1,02E-08;2,56E-08;3,26E-09;2,64E-08;7,39E-09;1,20E-09;9,84E-08;9,43E-08;2,47E-08;4,41E-08;6,21E-08;3,39E-08;5,91E-09;8,25E-08;4,72E-09;2,12E-08;1,65E-08;1,65E-08;6,95E-08;7,89E-08;5,99E-08;5,72E-08;9,95E-08;4,53E-08;2,99E-08;5,91E-08;6,03E-08;5,75E-08;1,04E-07;1,49E-07;3,72E-08;1,41E-07;1,06E-07;1,36E-07;1,47E-07;1,11E-07;1,51E-07;2,18E-07;2,19E-07;2,94E-07;2,55E-07;2,45E-07;3,21E-07;3,84E-07;3,67E-07;4,44E-07;4,98E-07;5,35E-07;6,29E-07;6,14E-07;6,87E-07;7,71E-07;8,51E-07;9,08E-07;1,04E-06;1,08E-06;1,13E-06;1,32E-06;1,46E-06;1,57E-06;1,70E-06;1,84E-06;1,99E-06;2,14E-06;2,35E-06;2,50E-06;2,70E-06;2,80E-06;3,02E-06;3,23E-06;3,42E-06;3,57E-06;3,72E-06;3,88E-06;4,01E-06;4,10E-06;4,21E-06;4,38E-06;4,43E-06;4,49E-06;4,56E-06;4,51E-06;4,46E-06;4,43E-06;4,39E-06;4,31E-06;4,16E-06;4,04E-06;3,90E-06;3,75E-06;3,65E-06;3,48E-06;3,34E-06;3,21E-06;3,05E-06;2,93E-06;2,78E-06;2,62E-06;2,48E-06;2,42E-06;2,28E-06;2,19E-06;2,08E-06;2,01E-06;1,87E-06;1,77E-06;1,68E-06;1,57E-06;1,51E-06;1,42E-06;1,35E-06;1,27E-06;1,20E-06;1,14E-06;1,07E-06;1,01E-06;9,60E-07;8,83E-07;8,40E-07;7,73E-07;7,16E-07;7,26E-07;7,17E-07;6,65E-07;6,08E-07;5,82E-07;5,26E-07;5,15E-07;4,47E-07;4,30E-07;3,87E-07;3,93E-07;3,72E-07;3,62E-07;2,77E-07;2,83E-07;3,16E-07;2,79E-07;2,25E-07;2,13E-07;2,18E-07;2,30E-07;1,96E-07;1,79E-07;1,70E-07;1,64E-07;1,93E-07;1,72E-07;1,36E-07;1,16E-07;1,62E-07;9,73E-08;9,81E-08;8,37E-08;1,14E-07;1,16E-07;1,07E-07;1,10E-07;1,61E-08;9,54E-08;1,14E-07;7,07E-08;7,85E-08;9,16E-08;4,30E-08;3,70E-08;7,19E-08;6,91E-08;5,41E-08;1,09E-07;1,31E-07;3,70E-08;6,69E-08;4,13E-08;5,18E-08;4,22E-08;6,29E-09;6,57E-08;6,27E-08;2,74E-08;4,14E-08;5,60E-08;3,97E-08;4,55E-08;1,04E-07;4,18E-08;2,24E-08;1,01E-08;4,10E-08;4,05E-08;2,41E-08;6,55E-09;2,36E-08;2,45E-08;5,24E-09;2,68E-08;4,20E-08;8,07E-08;7,08E-08;6,47E-08;1,11E-08;6,90E-08;8,84E-10;3,05E-08;5,18E-08;5,00E-08;4,74E-08;2,38E-08;5,44E-08;5,96E-09;3,66E-08;4,73E-09;1,88E-08;0,00E+00;2,35E-08;3,41E-08;5,70E-09;0,00E+00;0,00E+00;2,02E-09;2,41E-08;8,17E-08;8,54E-08;1,71E-08;0,00E+00;7,47E-08;5,18E-08;7,13E-08;2,50E-08;3,13E-08;5,25E-08;1,10E-08;0,00E+00;9,05E-09;6,85E-08;0,00E+00;0,00E+00;6,52E-09;3,31E-09;4,70E-08;3,45E-08;4,03E-08;0,00E+00;1,66E-08;5,75E-08;4,60E-08;6,17E-09;4,42E-08;4,39E-08;1,88E-09;8,51E-09;0,00E+00;3,79E-08;2,41E-08;3,77E-08;4,01E-09;0,00E+00;8,61E-09;3,43E-08;5,14E-09;5,89E-08;3,48E-08;0,00E+00;3,39E-08;1,30E-08;1,87E-08;5,33E-08;1,30E-08;1,92E-08;9,80E-09;0,00E+00;7,96E-08;0,00E+00;0,00E+00;3,47E-09;2,32E-08;8,71E-08;4,47E-08;3,10E-08;6,39E-08;1,38E-08;3,55E-08;0,00E+00;0,00E+00;1,33E-08;1,16E-08;1,23E-07;7,91E-08;8,68E-08;9,97E-08;1,52E-08;3,66E-08;4,92E-08;8,89E-08;9,09E-08;6,56E-08;5,14E-08;4,46E-09;7,01E-08;0,00E+00;0,00E+00;9,02E-08;1,65E-07;1,24E-07;8,00E-08;7,52E-10;1,95E-07;1,62E-07;4,04E-08;3,17E-08;4,48E-08;6,39E-08;1,28E-08;4,03E-08;4,53E-08;6,22E-08;1,72E-08;4,61E-08;1,69E-07;1,22E-07;1,02E-07;1,28E-07;3,29E-08;1,73E-07;2,74E-07;3,60E-08;2,61E-08;1,25E-07;1,75E-07;2,90E-08;1,17E-07;1,48E-08;1,78E-07;1,90E-07;1,91E-07;5,41E-08;3,72E-08;1,87E-07
30;30 (2018.07.09. 14:50:51);g15;15;0,15;0,00E+00;3,51E-08;4,72E-08;1,34E-07;5,75E-08;0,00E+00;1,46E-08;5,34E-09;0,00E+00;4,86E-08;1,50E-07;2,35E-08;3,77E-08;1,04E-08;1,51E-08;6,99E-08;0,00E+00;1,82E-08;5,14E-08;5,51E-08;5,72E-08;4,33E-08;1,25E-07;1,15E-07;7,67E-08;1,13E-07;1,44E-07;4,46E-08;3,55E-08;0,00E+00;0,00E+00;1,61E-08;5,65E-08;6,22E-08;2,47E-08;1,43E-07;2,60E-09;5,56E-08;1,03E-07;2,49E-08;5,82E-08;9,21E-08;4,93E-08;6,82E-08;8,94E-08;1,45E-07;7,82E-08;2,24E-08;3,43E-08;7,13E-08;4,69E-08;6,53E-08;2,55E-09;0,00E+00;1,03E-07;1,21E-07;9,67E-08;9,83E-08;9,49E-08;6,99E-08;1,24E-07;8,07E-08;1,03E-07;6,75E-08;1,84E-08;2,76E-08;6,60E-08;7,43E-08;7,90E-08;1,20E-07;7,87E-08;8,98E-08;1,12E-07;4,85E-08;7,47E-08;9,94E-08;7,87E-08;1,00E-07;3,51E-08;4,62E-08;6,04E-08;1,98E-07;1,17E-07;7,23E-08;1,02E-07;7,40E-08;1,13E-07;8,78E-08;8,94E-08;6,20E-08;7,67E-08;1,35E-07;1,80E-07;1,34E-07;1,73E-07;2,20E-07;2,60E-07;3,00E-07;2,46E-07;3,18E-07;3,78E-07;3,22E-07;3,75E-07;4,47E-07;4,21E-07;4,54E-07;5,85E-07;5,98E-07;7,06E-07;7,57E-07;7,95E-07;8,78E-07;1,04E-06;1,11E-06;1,22E-06;1,26E-06;1,40E-06;1,61E-06;1,66E-06;1,87E-06;2,00E-06;2,14E-06;2,36E-06;2,58E-06;2,79E-06;3,02E-06;3,28E-06;3,52E-06;3,73E-06;3,99E-06;4,22E-06;4,56E-06;4,82E-06;5,07E-06;5,33E-06;5,64E-06;5,84E-06;6,04E-06;6,24E-06;6,39E-06;6,54E-06;6,57E-06;6,67E-06;6,70E-06;6,75E-06;6,72E-06;6,62E-06;6,49E-06;6,38E-06;6,22E-06;6,04E-06;5,88E-06;5,67E-06;5,43E-06;5,19E-06;4,96E-06;4,77E-06;4,54E-06;4,31E-06;4,13E-06;3,95E-06;3,77E-06;3,59E-06;3,41E-06;3,23E-06;3,12E-06;2,90E-06;2,77E-06;2,62E-06;2,49E-06;2,34E-06;2,24E-06;2,14E-06;1,98E-06;1,90E-06;1,78E-06;1,71E-06;1,55E-06;1,53E-06;1,43E-06;1,33E-06;1,24E-06;1,18E-06;1,11E-06;1,07E-06;1,01E-06;9,53E-07;8,67E-07;8,65E-07;7,50E-07;7,46E-07;6,96E-07;6,62E-07;5,92E-07;6,14E-07;5,64E-07;5,06E-07;4,84E-07;4,41E-07;4,32E-07;3,64E-07;3,58E-07;3,84E-07;3,14E-07;3,32E-07;2,91E-07;2,77E-07;2,38E-07;2,47E-07;2,25E-07;1,94E-07;1,92E-07;1,94E-07;1,77E-07;1,65E-07;1,59E-07;1,68E-07;9,04E-08;1,13E-07;1,02E-07;6,45E-08;6,63E-08;9,38E-08;5,73E-08;4,37E-08;1,07E-07;6,70E-08;6,75E-08;8,10E-08;1,07E-07;7,22E-08;8,87E-08;8,27E-08;1,04E-07;8,27E-08;4,44E-08;5,99E-08;1,11E-07;7,08E-08;7,84E-08;4,82E-08;3,09E-08;9,58E-08;6,97E-08;8,53E-08;4,97E-08;7,71E-08;8,78E-08;2,38E-08;4,94E-08;0,00E+00;5,69E-09;1,85E-08;2,30E-08;5,52E-08;1,69E-08;2,25E-08;0,00E+00;2,64E-08;6,75E-08;1,68E-09;5,52E-08;5,59E-08;8,19E-09;1,25E-08;5,59E-08;6,61E-08;6,19E-08;5,98E-08;1,32E-08;0,00E+00;3,29E-09;9,04E-08;2,46E-08;2,09E-08;8,29E-08;2,72E-08;2,67E-08;7,15E-09;1,90E-09;0,00E+00;2,02E-08;8,47E-09;2,71E-08;5,59E-08;2,76E-08;5,55E-08;1,75E-08;6,35E-08;8,60E-09;3,78E-08;0,00E+00;0,00E+00;2,30E-08;1,46E-08;3,24E-08;2,55E-08;6,54E-08;6,90E-08;5,97E-09;1,96E-08;5,74E-08;6,76E-08;1,77E-09;3,78E-09;3,14E-08;3,12E-08;2,25E-08;7,70E-09;2,10E-08;6,74E-08;6,58E-08;0,00E+00;0,00E+00;1,89E-08;3,48E-08;1,59E-08;3,08E-08;5,81E-08;3,46E-08;0,00E+00;0,00E+00;2,57E-08;6,21E-08;2,99E-08;6,13E-08;1,56E-07;5,21E-08;1,01E-07;8,09E-08;5,89E-08;2,51E-08;5,16E-08;1,26E-08;0,00E+00;2,03E-09;1,14E-07;2,23E-08;3,34E-08;6,51E-08;1,09E-07;2,88E-08;4,79E-08;6,79E-08;1,10E-07;2,08E-08;2,98E-08;6,44E-08;8,50E-08;3,34E-08;1,57E-07;1,31E-08;1,44E-07;5,18E-08;6,14E-08;1,68E-08;4,56E-08;2,62E-08;0,00E+00;0,00E+00;7,14E-09;1,12E-07;0,00E+00;7,02E-08;1,02E-07;6,72E-08;5,99E-08;1,24E-07;7,75E-08;1,30E-07;6,11E-08;4,21E-08;1,14E-07;1,05E-07;9,18E-08;1,71E-08;2,02E-08;8,76E-08;9,46E-09;9,99E-08;1,16E-07;2,41E-08;1,06E-07;4,71E-08;2,22E-08;1,23E-07;3,66E-08;6,00E-08;5,70E-08;1,81E-07;9,86E-08;8,25E-09;2,25E-07;3,32E-07;2,17E-07;2,35E-07;2,01E-07;1,40E-07;1,94E-07;9,14E-08;2,61E-08
31;31 (2018.07.09. 14:51:44);g20;20;0,2;3,34E-08;1,34E-07;1,06E-08;8,94E-08;0,00E+00;2,56E-07;0,00E+00;1,83E-07;4,94E-09;2,88E-08;1,63E-07;0,00E+00;0,00E+00;0,00E+00;6,62E-08;1,41E-07;6,28E-08;1,00E-07;7,42E-08;0,00E+00;3,41E-08;7,92E-08;4,76E-08;3,95E-09;6,72E-08;9,25E-08;1,63E-09;6,87E-08;3,08E-08;6,35E-08;2,86E-08;7,45E-08;7,35E-08;4,84E-08;1,25E-07;1,02E-07;4,96E-08;1,29E-07;1,39E-07;1,01E-07;8,61E-08;1,40E-07;9,30E-08;1,03E-07;3,92E-08;1,26E-07;7,71E-08;1,50E-07;1,01E-07;1,06E-07;5,79E-08;7,50E-08;8,10E-08;8,28E-08;8,34E-08;5,41E-08;3,77E-08;2,98E-08;1,00E-07;1,01E-07;8,75E-08;4,14E-08;1,05E-07;1,10E-07;8,09E-08;1,47E-07;9,64E-08;7,31E-08;1,02E-07;3,52E-08;6,61E-08;1,21E-07;1,05E-07;1,18E-07;1,20E-07;3,49E-08;8,32E-08;1,19E-07;8,21E-08;8,55E-08;1,89E-07;1,31E-07;1,25E-07;1,18E-07;1,03E-07;1,40E-07;1,43E-07;1,34E-07;1,22E-07;9,37E-08;1,66E-07;2,12E-07;2,38E-07;2,37E-07;2,25E-07;2,97E-07;2,98E-07;2,88E-07;3,79E-07;4,21E-07;4,73E-07;4,61E-07;5,25E-07;5,51E-07;6,18E-07;6,69E-07;7,61E-07;9,30E-07;8,86E-07;1,02E-06;1,07E-06;1,16E-06;1,23E-06;1,38E-06;1,56E-06;1,76E-06;1,83E-06;2,06E-06;2,28E-06;2,55E-06;2,68E-06;2,94E-06;3,19E-06;3,42E-06;3,70E-06;4,06E-06;4,32E-06;4,68E-06;5,03E-06;5,42E-06;5,69E-06;6,07E-06;6,43E-06;6,78E-06;7,09E-06;7,50E-06;7,72E-06;7,99E-06;8,25E-06;8,49E-06;8,66E-06;8,82E-06;8,89E-06;8,95E-06;8,96E-06;8,85E-06;8,78E-06;8,68E-06;8,51E-06;8,29E-06;8,07E-06;7,78E-06;7,50E-06;7,18E-06;6,92E-06;6,60E-06;6,36E-06;6,01E-06;5,76E-06;5,47E-06;5,23E-06;5,03E-06;4,80E-06;4,52E-06;4,30E-06;4,06E-06;3,87E-06;3,67E-06;3,47E-06;3,31E-06;3,16E-06;2,98E-06;2,82E-06;2,65E-06;2,52E-06;2,38E-06;2,27E-06;2,13E-06;1,99E-06;1,89E-06;1,76E-06;1,69E-06;1,59E-06;1,54E-06;1,44E-06;1,33E-06;1,25E-06;1,22E-06;1,13E-06;1,08E-06;1,01E-06;9,20E-07;8,61E-07;8,31E-07;8,12E-07;7,13E-07;6,59E-07;6,19E-07;5,82E-07;5,44E-07;4,88E-07;4,65E-07;4,54E-07;4,26E-07;3,99E-07;3,76E-07;3,21E-07;3,34E-07;2,78E-07;2,90E-07;3,19E-07;2,60E-07;2,11E-07;1,91E-07;1,64E-07;1,77E-07;1,47E-07;1,42E-07;1,16E-07;1,23E-07;1,44E-07;1,16E-07;1,17E-07;8,97E-08;1,16E-07;9,77E-08;8,93E-08;9,24E-08;1,35E-07;1,04E-07;9,79E-08;1,23E-07;9,76E-08;5,96E-08;1,28E-07;1,08E-07;3,04E-08;4,49E-08;6,12E-08;9,13E-08;4,68E-08;5,63E-08;1,86E-08;6,36E-08;2,32E-08;4,32E-08;1,18E-07;1,21E-08;1,46E-08;8,81E-08;3,36E-08;9,24E-09;3,19E-08;2,03E-08;2,13E-09;3,84E-08;2,28E-08;4,89E-08;3,71E-08;4,13E-08;4,09E-08;5,77E-08;1,81E-08;0,00E+00;4,73E-08;6,06E-10;6,76E-08;0,00E+00;2,71E-08;6,67E-08;2,11E-08;2,61E-08;1,30E-07;1,25E-07;1,86E-08;5,00E-08;3,47E-08;2,35E-08;1,98E-08;1,90E-09;0,00E+00;6,82E-08;4,03E-09;2,45E-08;3,65E-08;4,88E-08;1,42E-08;0,00E+00;4,28E-08;3,75E-08;5,84E-08;2,46E-08;3,08E-08;1,24E-07;1,26E-07;3,56E-08;9,90E-09;0,00E+00;0,00E+00;0,00E+00;0,00E+00;3,17E-08;4,50E-08;5,62E-08;6,43E-08;3,41E-08;2,18E-08;5,83E-09;5,77E-08;5,24E-08;2,24E-09;3,56E-08;5,80E-08;1,04E-07;4,25E-08;0,00E+00;7,89E-09;2,54E-09;0,00E+00;2,48E-08;3,65E-08;4,77E-08;5,85E-08;5,72E-08;6,70E-08;4,38E-08;4,97E-08;5,16E-08;8,23E-08;1,30E-08;3,12E-08;5,22E-08;3,87E-08;5,80E-08;7,34E-09;7,80E-08;1,27E-07;4,91E-08;5,72E-08;4,66E-08;7,41E-08;5,86E-08;1,13E-07;1,36E-08;2,37E-08;3,35E-09;8,93E-09;6,67E-09;5,78E-09;6,15E-08;9,98E-08;7,05E-09;1,26E-08;1,71E-07;5,29E-08;1,28E-07;6,82E-08;7,04E-08;5,60E-08;1,11E-07;8,92E-10;2,35E-08;3,59E-08;3,90E-08;9,01E-08;5,47E-08;1,39E-07;1,95E-08;0,00E+00;3,01E-08;1,47E-07;1,93E-07;1,22E-07;1,11E-07;4,13E-08;5,64E-08;4,59E-08;8,96E-08;7,87E-08;1,20E-08;4,74E-08;2,42E-08;0,00E+00;5,16E-08;9,91E-09;5,38E-08;8,97E-08;1,28E-07;8,16E-08;1,20E-07;1,61E-07;3,26E-07;1,68E-07;2,97E-07;6,71E-08;1,08E-07;8,30E-08;1,99E-07;1,49E-07;1,26E-07;8,81E-08
32;32 (2018.07.09. 14:52:35);g25;25;0,25;1,36E-07;1,31E-07;7,69E-09;1,03E-07;2,04E-07;0,00E+00;0,00E+00;0,00E+00;0,00E+00;1,31E-07;3,11E-07;7,13E-08;7,86E-08;9,34E-08;4,35E-08;9,01E-08;5,47E-08;8,19E-08;1,83E-08;2,19E-07;3,37E-08;0,00E+00;0,00E+00;1,15E-07;7,62E-08;6,28E-08;4,92E-08;1,33E-07;1,41E-07;1,47E-07;7,79E-08;0,00E+00;1,09E-07;4,46E-08;1,35E-07;4,64E-08;8,91E-08;1,00E-07;5,46E-08;5,70E-08;1,22E-07;9,14E-08;8,84E-08;1,77E-07;1,02E-07;4,76E-08;9,57E-10;1,34E-07;1,09E-07;1,56E-07;3,93E-08;5,29E-08;1,07E-07;1,51E-07;4,55E-08;5,28E-08;6,52E-08;1,19E-07;1,25E-07;5,88E-08;1,09E-07;1,42E-07;1,14E-07;9,04E-08;5,70E-08;1,09E-07;8,91E-08;1,01E-07;9,27E-08;4,48E-08;1,01E-07;8,91E-08;1,03E-07;9,83E-08;8,69E-08;8,09E-08;1,40E-07;1,28E-07;1,12E-07;8,81E-08;1,23E-07;1,95E-07;1,73E-07;1,60E-07;6,92E-08;1,95E-07;1,70E-07;2,40E-07;2,31E-07;1,73E-07;2,61E-07;2,29E-07;2,39E-07;2,81E-07;3,18E-07;3,08E-07;3,61E-07;4,19E-07;4,74E-07;4,42E-07;4,53E-07;5,58E-07;6,34E-07;6,14E-07;7,54E-07;8,38E-07;9,01E-07;9,92E-07;1,07E-06;1,24E-06;1,30E-06;1,49E-06;1,67E-06;1,86E-06;2,03E-06;2,13E-06;2,34E-06;2,59E-06;2,81E-06;3,06E-06;3,39E-06;3,65E-06;3,98E-06;4,34E-06;4,64E-06;5,04E-06;5,46E-06;5,85E-06;6,24E-06;6,71E-06;7,17E-06;7,63E-06;8,05E-06;8,47E-06;8,90E-06;9,31E-06;9,68E-06;1,00E-05;1,03E-05;1,07E-05;1,09E-05;1,10E-05;1,11E-05;1,12E-05;1,12E-05;1,11E-05;1,10E-05;1,09E-05;1,07E-05;1,03E-05;1,01E-05;9,72E-06;9,43E-06;9,01E-06;8,67E-06;8,33E-06;7,92E-06;7,54E-06;7,25E-06;6,86E-06;6,55E-06;6,25E-06;5,96E-06;5,61E-06;5,35E-06;5,08E-06;4,85E-06;4,58E-06;4,37E-06;4,12E-06;3,91E-06;3,74E-06;3,49E-06;3,35E-06;3,13E-06;2,94E-06;2,83E-06;2,61E-06;2,52E-06;2,35E-06;2,21E-06;2,13E-06;1,97E-06;1,82E-06;1,78E-06;1,68E-06;1,57E-06;1,47E-06;1,38E-06;1,29E-06;1,20E-06;1,14E-06;1,07E-06;1,02E-06;9,87E-07;8,94E-07;8,40E-07;7,87E-07;7,25E-07;7,10E-07;6,42E-07;5,97E-07;5,89E-07;5,71E-07;4,87E-07;4,36E-07;4,34E-07;4,24E-07;3,83E-07;3,23E-07;2,83E-07;3,03E-07;2,64E-07;2,69E-07;2,32E-07;2,14E-07;2,26E-07;2,10E-07;1,66E-07;1,90E-07;1,70E-07;1,80E-07;1,30E-07;1,43E-07;1,06E-07;1,03E-07;1,40E-07;9,83E-08;1,33E-07;1,34E-07;1,24E-07;1,28E-07;1,05E-07;9,14E-08;1,32E-07;1,12E-07;1,01E-07;8,24E-08;6,02E-08;2,33E-08;3,43E-08;9,53E-08;2,39E-08;6,16E-08;2,18E-08;1,73E-08;6,36E-08;1,00E-07;1,28E-08;8,25E-08;2,47E-08;1,02E-08;3,28E-08;5,16E-08;3,26E-08;2,06E-09;1,90E-08;8,20E-09;4,92E-09;1,26E-08;0,00E+00;0,00E+00;1,35E-08;3,63E-08;2,33E-08;6,23E-08;3,76E-08;0,00E+00;1,51E-08;2,21E-08;0,00E+00;0,00E+00;8,64E-08;3,45E-08;7,92E-08;1,01E-08;4,46E-08;4,43E-08;3,09E-08;4,79E-08;3,14E-09;5,99E-08;2,70E-08;5,61E-08;9,70E-08;1,26E-07;1,09E-07;1,36E-08;1,07E-07;6,25E-08;8,87E-08;2,46E-08;2,47E-08;2,84E-08;3,67E-09;9,61E-08;1,98E-08;0,00E+00;0,00E+00;3,63E-08;4,57E-08;3,04E-08;1,50E-08;1,21E-07;6,05E-08;8,17E-09;5,51E-08;4,51E-08;0,00E+00;0,00E+00;2,21E-08;1,10E-08;1,88E-09;1,50E-08;2,83E-08;4,82E-08;5,95E-08;8,81E-08;8,02E-09;0,00E+00;0,00E+00;7,31E-09;1,44E-08;1,99E-08;1,31E-08;7,79E-08;1,19E-08;2,57E-08;1,16E-07;8,80E-09;4,35E-08;5,18E-08;5,96E-08;1,58E-08;0,00E+00;5,14E-08;6,06E-08;9,52E-08;2,35E-08;2,75E-08;1,79E-08;4,13E-08;1,74E-08;9,36E-08;4,74E-08;4,35E-08;1,16E-07;4,00E-08;6,01E-08;2,28E-08;2,58E-09;1,24E-07;3,18E-08;6,70E-08;1,09E-07;7,55E-08;2,73E-08;1,57E-08;2,60E-08;3,33E-08;4,81E-08;0,00E+00;4,96E-08;1,60E-07;1,32E-07;4,84E-08;9,14E-08;1,97E-07;7,82E-08;1,27E-08;1,05E-07;3,96E-08;2,83E-08;1,46E-07;1,40E-07;5,61E-08;4,40E-08;1,55E-07;9,13E-08;8,10E-08;2,90E-08;7,23E-08;1,19E-07;1,52E-07;2,68E-07;2,60E-08;7,19E-08;2,35E-07;1,28E-07;8,61E-08;5,72E-08;1,65E-08;5,00E-08;4,40E-07;1,25E-07;4,26E-07;1,28E-07;1,85E-07;1,33E-07;2,59E-07;1,94E-07
33;33 (2018.07.09. 14:53:30);g30;30;0,3;1,12E-07;1,68E-07;7,48E-08;0,00E+00;1,57E-07;6,15E-08;2,36E-07;8,32E-08;1,77E-07;0,00E+00;0,00E+00;4,34E-08;0,00E+00;1,71E-07;5,35E-09;2,47E-08;5,48E-08;1,70E-08;7,28E-08;0,00E+00;1,04E-08;1,07E-07;1,16E-07;3,70E-09;1,35E-07;1,62E-07;1,77E-07;5,09E-08;1,40E-07;1,78E-07;6,14E-08;3,46E-08;6,83E-08;1,17E-07;1,05E-07;7,80E-08;1,02E-07;9,11E-08;1,05E-07;8,39E-08;9,68E-08;1,32E-07;7,21E-08;2,01E-07;1,14E-07;1,16E-07;1,83E-07;1,55E-07;9,74E-08;1,09E-07;1,00E-07;1,07E-07;1,17E-07;1,48E-07;1,36E-07;6,60E-08;1,18E-07;1,36E-07;1,38E-07;1,38E-07;7,07E-08;1,19E-07;8,32E-08;8,54E-08;7,22E-08;1,07E-07;6,79E-08;3,76E-08;8,67E-08;1,38E-07;1,44E-07;1,31E-07;6,47E-08;1,42E-07;1,19E-07;8,86E-08;1,27E-07;1,40E-07;1,21E-07;1,26E-07;1,51E-07;2,17E-07;1,51E-07;1,63E-07;2,62E-07;1,95E-07;2,07E-07;2,29E-07;2,76E-07;1,76E-07;3,17E-07;2,96E-07;3,02E-07;4,01E-07;3,49E-07;3,82E-07;3,99E-07;4,73E-07;4,90E-07;5,24E-07;6,17E-07;7,09E-07;8,00E-07;7,97E-07;8,46E-07;9,73E-07;1,11E-06;1,23E-06;1,37E-06;1,49E-06;1,66E-06;1,84E-06;2,00E-06;2,16E-06;2,41E-06;2,59E-06;2,90E-06;3,10E-06;3,43E-06;3,74E-06;4,12E-06;4,36E-06;4,80E-06;5,20E-06;5,60E-06;6,06E-06;6,54E-06;7,05E-06;7,56E-06;8,10E-06;8,65E-06;9,14E-06;9,69E-06;1,02E-05;1,07E-05;1,12E-05;1,16E-05;1,20E-05;1,24E-05;1,27E-05;1,30E-05;1,32E-05;1,33E-05;1,34E-05;1,35E-05;1,34E-05;1,32E-05;1,30E-05;1,27E-05;1,25E-05;1,21E-05;1,17E-05;1,13E-05;1,08E-05;1,04E-05;9,94E-06;9,47E-06;9,03E-06;8,62E-06;8,21E-06;7,87E-06;7,47E-06;7,13E-06;6,76E-06;6,39E-06;6,10E-06;5,76E-06;5,49E-06;5,22E-06;4,98E-06;4,72E-06;4,44E-06;4,23E-06;3,99E-06;3,76E-06;3,54E-06;3,36E-06;3,20E-06;3,04E-06;2,85E-06;2,71E-06;2,55E-06;2,39E-06;2,26E-06;2,09E-06;1,98E-06;1,89E-06;1,81E-06;1,68E-06;1,58E-06;1,45E-06;1,42E-06;1,31E-06;1,20E-06;1,16E-06;1,07E-06;1,01E-06;9,21E-07;8,70E-07;8,73E-07;7,68E-07;7,20E-07;6,93E-07;6,15E-07;5,81E-07;5,27E-07;5,40E-07;4,84E-07;4,44E-07;4,52E-07;3,60E-07;3,41E-07;3,34E-07;2,88E-07;2,76E-07;2,76E-07;2,31E-07;2,18E-07;1,93E-07;1,85E-07;1,87E-07;2,06E-07;2,21E-07;1,62E-07;1,63E-07;1,54E-07;1,06E-07;1,70E-07;1,11E-07;1,37E-07;1,24E-07;8,62E-08;1,68E-07;1,99E-07;1,41E-07;8,40E-08;5,86E-08;5,87E-08;5,44E-08;1,02E-07;2,42E-09;6,69E-08;5,82E-08;7,21E-08;6,64E-08;9,55E-08;1,09E-07;4,94E-08;6,12E-08;3,00E-08;8,41E-08;5,20E-08;1,97E-08;7,28E-09;1,39E-09;0,00E+00;1,14E-07;2,36E-08;1,73E-08;7,59E-08;5,65E-08;2,94E-08;8,69E-08;6,42E-08;6,32E-09;2,89E-08;2,64E-08;1,89E-08;6,06E-08;1,93E-08;7,27E-09;3,13E-08;3,14E-08;5,24E-08;7,74E-08;4,82E-08;4,58E-08;9,26E-08;3,79E-08;0,00E+00;1,95E-08;9,75E-09;1,61E-08;6,40E-08;4,03E-08;6,38E-08;3,27E-08;4,01E-08;1,06E-07;5,16E-09;2,27E-08;9,45E-09;5,88E-08;4,92E-08;2,38E-08;2,20E-08;7,92E-08;1,76E-08;5,06E-08;5,18E-08;6,63E-08;7,32E-08;5,25E-08;2,32E-08;8,32E-08;2,55E-08;3,43E-08;4,02E-08;1,52E-08;1,33E-07;8,51E-08;1,23E-07;3,70E-08;3,40E-08;2,83E-08;1,03E-07;6,78E-08;3,59E-08;3,01E-09;1,15E-08;4,31E-09;1,72E-08;2,57E-08;8,20E-08;9,21E-08;3,02E-08;4,67E-08;2,29E-10;3,47E-08;2,93E-08;1,07E-07;9,60E-08;4,90E-08;9,71E-09;1,47E-09;0,00E+00;5,53E-09;5,95E-08;1,06E-07;4,30E-08;8,62E-09;9,58E-08;9,59E-08;3,32E-10;3,06E-08;5,49E-08;5,06E-08;3,55E-08;1,16E-08;1,03E-08;6,28E-08;1,98E-07;6,82E-08;1,65E-07;6,27E-08;9,63E-08;8,20E-08;6,42E-08;3,62E-08;1,10E-07;3,39E-08;7,87E-08;1,97E-07;1,77E-08;4,81E-08;2,41E-08;1,02E-07;4,87E-08;7,65E-08;6,71E-08;1,34E-07;1,21E-07;1,14E-07;1,17E-07;3,99E-08;0,00E+00;0,00E+00;2,19E-07;0,00E+00;1,81E-08;7,11E-08;1,45E-07;9,37E-08;1,72E-08;2,26E-07;7,30E-08;1,01E-08;6,11E-08;7,31E-08;9,53E-08;9,22E-08;7,93E-08;1,39E-07;1,52E-07;1,48E-07;5,09E-08;3,03E-08;1,55E-07;2,91E-07;2,79E-07;6,09E-08
34;34 (2018.07.09. 14:54:20);g35;35;0,34;1,49E-07;8,79E-08;3,63E-07;1,47E-07;2,57E-08;0,00E+00;0,00E+00;0,00E+00;0,00E+00;0,00E+00;4,38E-08;6,01E-08;1,74E-07;8,48E-08;3,91E-08;0,00E+00;0,00E+00;0,00E+00;0,00E+00;0,00E+00;3,60E-09;5,97E-08;4,81E-08;4,24E-08;2,00E-07;1,68E-07;6,80E-08;1,80E-07;1,38E-07;6,22E-08;8,14E-08;6,53E-08;2,59E-08;1,57E-07;1,32E-07;1,41E-07;2,36E-07;1,87E-07;2,06E-07;9,95E-08;1,61E-07;9,51E-08;9,65E-08;1,10E-07;8,48E-08;1,38E-07;1,30E-07;1,78E-07;8,78E-08;1,55E-07;1,15E-07;1,21E-07;6,04E-08;9,49E-08;1,45E-07;1,07E-07;1,17E-07;1,15E-07;1,05E-07;1,10E-07;1,05E-07;1,55E-07;1,55E-07;1,18E-07;1,14E-07;1,04E-07;1,21E-07;1,36E-07;1,67E-07;1,27E-07;1,42E-07;1,23E-07;1,39E-07;1,11E-07;8,08E-08;1,30E-07;1,20E-07;1,10E-07;1,04E-07;1,01E-07;1,45E-07;2,06E-07;1,60E-07;2,15E-07;1,89E-07;2,65E-07;3,12E-07;2,86E-07;2,71E-07;2,58E-07;2,79E-07;3,33E-07;3,52E-07;4,21E-07;4,32E-07;4,34E-07;4,87E-07;5,25E-07;5,66E-07;6,16E-07;6,75E-07;8,15E-07;8,42E-07;9,84E-07;1,06E-06;1,16E-06;1,21E-06;1,38E-06;1,59E-06;1,72E-06;1,92E-06;2,06E-06;2,32E-06;2,46E-06;2,75E-06;3,08E-06;3,32E-06;3,67E-06;3,98E-06;4,31E-06;4,70E-06;5,25E-06;5,66E-06;6,10E-06;6,62E-06;7,09E-06;7,64E-06;8,26E-06;8,81E-06;9,48E-06;1,00E-05;1,07E-05;1,13E-05;1,19E-05;1,25E-05;1,31E-05;1,36E-05;1,41E-05;1,45E-05;1,49E-05;1,52E-05;1,55E-05;1,56E-05;1,57E-05;1,56E-05;1,55E-05;1,54E-05;1,52E-05;1,49E-05;1,45E-05;1,41E-05;1,36E-05;1,32E-05;1,26E-05;1,21E-05;1,16E-05;1,11E-05;1,06E-05;1,01E-05;9,62E-06;9,16E-06;8,71E-06;8,29E-06;7,93E-06;7,53E-06;7,16E-06;6,78E-06;6,39E-06;6,13E-06;5,82E-06;5,51E-06;5,22E-06;4,92E-06;4,65E-06;4,39E-06;4,18E-06;3,95E-06;3,75E-06;3,56E-06;3,28E-06;3,13E-06;2,97E-06;2,80E-06;2,61E-06;2,46E-06;2,35E-06;2,23E-06;2,11E-06;1,94E-06;1,84E-06;1,77E-06;1,61E-06;1,53E-06;1,48E-06;1,33E-06;1,29E-06;1,19E-06;1,13E-06;9,93E-07;9,97E-07;8,77E-07;8,37E-07;7,64E-07;7,28E-07;6,56E-07;6,24E-07;5,60E-07;5,27E-07;5,20E-07;5,21E-07;4,32E-07;4,35E-07;3,98E-07;3,41E-07;3,34E-07;2,71E-07;3,06E-07;2,96E-07;2,76E-07;2,45E-07;2,11E-07;2,67E-07;2,06E-07;2,23E-07;1,56E-07;1,88E-07;2,11E-07;1,80E-07;1,80E-07;1,78E-07;1,48E-07;1,43E-07;1,40E-07;1,63E-07;1,43E-07;1,42E-07;1,14E-07;1,06E-07;7,73E-08;7,56E-08;1,10E-07;7,37E-08;5,83E-08;6,24E-08;9,73E-08;5,84E-08;7,42E-08;5,44E-08;3,47E-09;6,60E-08;4,62E-08;5,75E-08;6,34E-08;5,03E-08;8,49E-08;5,78E-08;5,61E-09;2,87E-08;9,37E-08;5,63E-08;3,33E-08;8,58E-08;6,16E-08;2,43E-08;3,42E-09;4,77E-08;1,83E-09;1,69E-08;2,47E-08;4,90E-08;4,69E-08;5,50E-08;6,03E-08;2,78E-08;2,14E-08;3,00E-08;3,30E-08;2,67E-08;0,00E+00;2,53E-08;7,99E-08;5,01E-08;1,90E-08;3,42E-08;7,99E-08;8,70E-08;4,12E-08;4,01E-08;1,17E-07;5,39E-08;5,74E-08;3,68E-08;3,08E-08;1,64E-08;4,57E-08;1,62E-09;5,94E-08;1,25E-08;6,33E-08;6,77E-08;3,64E-08;1,45E-08;3,95E-08;4,52E-08;1,39E-08;1,22E-07;8,09E-08;1,13E-08;3,08E-08;8,22E-09;5,52E-08;8,78E-08;1,88E-09;3,11E-08;9,20E-08;4,98E-08;4,74E-08;6,24E-08;5,01E-09;1,21E-08;2,51E-08;9,67E-08;9,76E-08;2,89E-08;4,09E-08;1,46E-08;1,13E-08;2,18E-07;2,01E-08;8,09E-08;8,63E-08;7,14E-08;5,65E-08;3,20E-08;2,57E-08;1,41E-07;8,81E-08;0,00E+00;1,54E-08;4,59E-08;7,83E-08;4,08E-08;1,47E-08;5,31E-08;0,00E+00;6,69E-09;6,26E-08;1,53E-07;7,52E-08;8,20E-08;5,68E-08;8,58E-08;4,51E-08;5,18E-08;9,32E-08;7,44E-08;1,59E-08;5,24E-09;0,00E+00;0,00E+00;8,92E-10;2,04E-08;6,80E-08;1,34E-07;1,46E-07;5,42E-08;1,46E-07;2,16E-08;9,52E-08;1,70E-07;1,15E-07;1,64E-07;1,94E-07;3,59E-08;0,00E+00;1,57E-07;2,39E-07;1,52E-09;7,17E-08;8,10E-08;2,90E-08;3,62E-08;3,12E-08;5,16E-08;9,91E-09;6,84E-09;8,60E-08;0,00E+00;7,60E-08;1,98E-07;2,23E-07;1,58E-07;3,69E-07;2,51E-07;9,89E-09;1,52E-07;2,59E-07;2,09E-07;1,90E-07;1,31E-07;1,74E-08
35;35 (2018.07.09. 14:55:11);g40;40;0,39;1,42E-07;1,92E-07;4,46E-09;5,16E-08;0,00E+00;0,00E+00;0,00E+00;0,00E+00;0,00E+00;0,00E+00;2,64E-07;3,61E-08;1,15E-07;5,61E-08;3,99E-08;1,89E-08;8,41E-09;7,84E-08;8,13E-08;6,39E-08;0,00E+00;2,22E-08;2,24E-08;1,47E-07;6,17E-08;1,02E-07;1,60E-09;8,83E-08;5,93E-08;1,44E-09;2,77E-08;2,21E-08;2,08E-07;5,49E-08;1,47E-07;2,34E-07;1,63E-07;1,40E-07;8,94E-08;1,47E-07;1,02E-07;1,44E-07;1,79E-07;1,58E-07;1,35E-07;1,71E-07;1,84E-07;8,40E-08;1,38E-07;1,67E-07;1,57E-07;1,42E-07;1,26E-07;9,13E-08;1,46E-07;1,17E-07;9,53E-08;1,07E-07;1,72E-07;1,25E-07;5,35E-08;1,58E-07;1,24E-07;1,47E-07;9,32E-08;1,34E-07;9,20E-08;1,04E-07;1,56E-07;1,59E-07;1,15E-07;1,45E-07;1,18E-07;1,77E-07;1,44E-07;1,68E-07;2,25E-07;1,60E-07;1,55E-07;2,05E-07;1,78E-07;1,96E-07;2,47E-07;2,21E-07;2,87E-07;2,18E-07;2,61E-07;2,55E-07;2,83E-07;3,46E-07;3,42E-07;3,79E-07;4,65E-07;4,18E-07;4,46E-07;5,58E-07;5,74E-07;6,75E-07;6,31E-07;7,24E-07;8,49E-07;9,09E-07;1,01E-06;1,10E-06;1,25E-06;1,35E-06;1,52E-06;1,58E-06;1,83E-06;2,00E-06;2,21E-06;2,40E-06;2,62E-06;2,93E-06;3,17E-06;3,50E-06;3,82E-06;4,14E-06;4,56E-06;4,99E-06;5,55E-06;5,90E-06;6,41E-06;7,00E-06;7,55E-06;8,16E-06;8,77E-06;9,40E-06;1,01E-05;1,07E-05;1,15E-05;1,22E-05;1,29E-05;1,36E-05;1,43E-05;1,50E-05;1,55E-05;1,61E-05;1,66E-05;1,71E-05;1,74E-05;1,76E-05;1,78E-05;1,79E-05;1,79E-05;1,78E-05;1,76E-05;1,74E-05;1,70E-05;1,66E-05;1,61E-05;1,56E-05;1,51E-05;1,45E-05;1,39E-05;1,33E-05;1,27E-05;1,21E-05;1,15E-05;1,10E-05;1,05E-05;9,96E-06;9,48E-06;9,00E-06;8,55E-06;8,15E-06;7,79E-06;7,40E-06;6,99E-06;6,62E-06;6,30E-06;5,95E-06;5,64E-06;5,32E-06;5,03E-06;4,76E-06;4,52E-06;4,29E-06;4,02E-06;3,81E-06;3,58E-06;3,41E-06;3,18E-06;2,99E-06;2,88E-06;2,64E-06;2,48E-06;2,37E-06;2,16E-06;2,12E-06;1,98E-06;1,86E-06;1,77E-06;1,62E-06;1,48E-06;1,45E-06;1,36E-06;1,26E-06;1,19E-06;1,12E-06;1,03E-06;9,19E-07;8,63E-07;8,34E-07;7,64E-07;7,46E-07;6,61E-07;6,51E-07;6,39E-07;6,08E-07;5,36E-07;4,72E-07;4,66E-07;4,24E-07;3,87E-07;2,95E-07;3,65E-07;3,12E-07;2,76E-07;2,68E-07;2,12E-07;2,54E-07;2,50E-07;2,40E-07;2,00E-07;1,68E-07;1,97E-07;2,30E-07;1,77E-07;1,91E-07;1,74E-07;1,89E-07;1,79E-07;1,03E-07;1,59E-07;1,27E-07;9,29E-08;5,88E-08;6,74E-08;9,62E-08;7,37E-08;5,70E-08;6,53E-08;5,55E-08;9,16E-08;9,33E-08;3,08E-08;6,41E-08;5,98E-08;7,46E-08;8,67E-08;8,66E-08;6,47E-08;2,27E-08;7,12E-08;4,58E-08;3,19E-08;9,36E-09;4,79E-08;1,30E-09;1,31E-08;1,08E-08;2,61E-09;6,79E-08;7,84E-08;5,67E-08;1,64E-09;2,48E-08;6,15E-08;3,77E-08;1,81E-09;2,81E-08;6,60E-08;2,53E-08;2,81E-09;1,44E-08;1,03E-08;2,79E-08;3,41E-08;1,41E-08;6,28E-10;2,05E-09;2,54E-08;1,69E-08;2,90E-08;6,30E-08;4,41E-08;2,73E-09;8,61E-10;4,53E-08;2,62E-08;4,91E-08;2,47E-08;5,91E-08;1,10E-08;5,34E-08;9,05E-09;6,85E-08;1,16E-08;5,94E-08;7,00E-08;3,24E-08;2,25E-08;5,91E-10;6,80E-08;5,47E-08;7,26E-09;0,00E+00;3,08E-08;8,22E-09;1,10E-08;5,49E-08;0,00E+00;3,22E-09;7,08E-09;2,53E-08;1,60E-08;1,88E-08;1,30E-08;1,56E-08;7,01E-08;0,00E+00;0,00E+00;6,64E-08;1,25E-07;3,89E-08;6,93E-08;3,44E-10;1,18E-07;2,60E-08;6,25E-08;1,36E-07;1,10E-07;9,01E-08;4,44E-08;6,34E-08;1,65E-08;4,91E-08;6,23E-08;6,65E-08;3,13E-08;0,00E+00;4,79E-08;1,20E-07;1,53E-08;6,09E-08;1,22E-07;8,22E-08;1,70E-07;1,30E-07;7,83E-08;8,78E-08;5,83E-08;2,44E-08;5,29E-09;8,38E-09;1,82E-08;5,42E-08;1,36E-08;1,07E-07;6,95E-08;8,42E-08;5,51E-08;1,15E-07;6,61E-08;6,70E-08;9,95E-08;6,32E-08;1,96E-08;1,85E-07;1,04E-07;1,21E-07;1,14E-07;6,88E-08;7,19E-08;8,66E-08;7,45E-09;2,46E-07;1,97E-07;0,00E+00;0,00E+00;6,03E-08;1,23E-07;9,08E-08;1,43E-07;1,82E-07;1,50E-07;7,03E-09;2,75E-08;2,81E-08;1,13E-07;9,14E-08;5,96E-08;2,94E-07;1,72E-07;1,01E-07;3,57E-07;0,00E+00;9,02E-08;6,20E-08;2,40E-07
36;36 (2018.07.09. 14:56:08);g45;45;0,44;1,11E-07;2,86E-07;2,45E-07;1,55E-07;3,21E-07;1,43E-07;1,09E-07;2,67E-08;9,08E-09;2,86E-08;0,00E+00;0,00E+00;0,00E+00;1,23E-07;0,00E+00;1,73E-08;7,72E-09;1,96E-08;8,40E-08;2,66E-08;7,91E-08;9,52E-08;6,22E-08;6,68E-08;9,03E-08;1,36E-07;1,09E-08;1,96E-07;5,84E-08;1,25E-07;1,02E-07;8,28E-08;9,90E-08;7,19E-08;1,36E-07;1,08E-07;1,05E-07;2,11E-07;1,95E-07;1,22E-07;2,00E-07;2,20E-07;1,92E-07;2,27E-07;2,14E-07;2,08E-07;1,18E-07;9,52E-08;2,55E-07;1,83E-07;1,53E-07;1,78E-07;2,23E-07;1,83E-07;1,57E-07;1,31E-07;1,77E-07;1,43E-07;1,16E-07;1,51E-07;1,88E-07;1,57E-07;1,33E-07;1,47E-07;4,81E-08;1,63E-07;1,80E-07;1,26E-07;1,36E-07;1,62E-07;1,66E-07;1,71E-07;2,03E-07;1,97E-07;1,88E-07;1,82E-07;1,96E-07;1,62E-07;1,43E-07;2,04E-07;1,39E-07;2,43E-07;2,57E-07;2,19E-07;2,62E-07;2,44E-07;2,31E-07;2,89E-07;3,40E-07;3,59E-07;3,84E-07;3,56E-07;4,87E-07;5,38E-07;5,56E-07;5,82E-07;6,40E-07;6,89E-07;7,75E-07;8,53E-07;9,58E-07;9,92E-07;1,10E-06;1,27E-06;1,38E-06;1,54E-06;1,65E-06;1,88E-06;2,05E-06;2,23E-06;2,46E-06;2,62E-06;2,94E-06;3,23E-06;3,62E-06;3,99E-06;4,28E-06;4,74E-06;5,16E-06;5,64E-06;6,13E-06;6,63E-06;7,25E-06;7,93E-06;8,53E-06;9,21E-06;9,87E-06;1,06E-05;1,14E-05;1,22E-05;1,30E-05;1,38E-05;1,45E-05;1,53E-05;1,61E-05;1,68E-05;1,75E-05;1,81E-05;1,87E-05;1,92E-05;1,95E-05;1,99E-05;2,01E-05;2,02E-05;2,02E-05;2,01E-05;1,99E-05;1,96E-05;1,92E-05;1,87E-05;1,82E-05;1,76E-05;1,69E-05;1,63E-05;1,57E-05;1,50E-05;1,42E-05;1,36E-05;1,30E-05;1,24E-05;1,18E-05;1,12E-05;1,07E-05;1,01E-05;9,68E-06;9,14E-06;8,75E-06;8,29E-06;7,88E-06;7,46E-06;7,08E-06;6,68E-06;6,32E-06;5,99E-06;5,70E-06;5,37E-06;5,06E-06;4,81E-06;4,53E-06;4,23E-06;4,01E-06;3,78E-06;3,62E-06;3,44E-06;3,17E-06;3,01E-06;2,85E-06;2,66E-06;2,46E-06;2,34E-06;2,25E-06;2,07E-06;1,98E-06;1,84E-06;1,74E-06;1,60E-06;1,53E-06;1,42E-06;1,35E-06;1,23E-06;1,19E-06;1,08E-06;1,04E-06;9,60E-07;8,80E-07;8,17E-07;7,82E-07;7,30E-07;6,50E-07;6,32E-07;5,60E-07;5,66E-07;5,00E-07;4,85E-07;4,60E-07;3,96E-07;4,37E-07;3,83E-07;3,80E-07;3,58E-07;2,66E-07;2,40E-07;2,85E-07;2,69E-07;2,21E-07;1,82E-07;1,61E-07;1,46E-07;1,51E-07;1,49E-07;1,60E-07;1,57E-07;1,09E-07;1,43E-07;1,72E-07;1,29E-07;1,12E-07;1,32E-07;1,61E-07;1,38E-07;9,87E-08;7,99E-08;1,18E-07;4,35E-08;8,88E-08;4,22E-08;1,17E-07;4,73E-08;1,09E-07;7,92E-09;3,99E-08;7,94E-08;4,23E-08;2,59E-08;5,92E-08;7,07E-08;8,74E-08;1,20E-08;7,47E-08;5,95E-08;6,35E-08;5,86E-08;9,11E-08;6,60E-08;6,87E-09;0,00E+00;6,55E-08;5,39E-08;8,41E-09;3,74E-08;3,76E-08;2,16E-08;2,43E-09;3,19E-09;8,22E-08;4,52E-08;1,61E-08;5,72E-08;4,99E-08;3,95E-08;2,51E-09;9,46E-08;8,67E-08;3,42E-08;8,47E-08;4,72E-08;4,48E-08;4,42E-08;0,00E+00;0,00E+00;9,81E-09;3,26E-08;5,74E-08;5,36E-08;2,56E-08;6,47E-08;5,18E-08;2,47E-08;4,50E-08;5,66E-08;7,74E-08;6,14E-08;7,43E-09;0,00E+00;0,00E+00;1,09E-08;7,90E-08;6,76E-08;0,00E+00;9,50E-09;1,44E-07;2,68E-09;5,24E-08;9,51E-08;1,01E-07;2,77E-08;0,00E+00;1,88E-08;6,82E-08;2,30E-08;1,29E-08;6,98E-08;5,65E-08;8,29E-08;7,19E-08;3,11E-08;3,69E-08;1,30E-08;2,29E-08;8,05E-08;1,37E-08;3,26E-08;9,80E-09;1,17E-07;7,45E-08;0,00E+00;3,69E-09;3,62E-08;7,50E-08;4,30E-08;2,59E-08;1,02E-07;1,21E-08;1,48E-07;1,32E-07;1,04E-08;0,00E+00;6,67E-09;1,42E-08;4,18E-09;1,08E-07;9,19E-08;1,95E-08;9,45E-08;9,76E-08;4,19E-08;2,73E-08;1,57E-08;1,82E-07;6,53E-08;8,74E-08;1,22E-07;5,24E-08;2,99E-08;5,01E-08;1,41E-07;1,53E-07;1,68E-07;1,73E-07;9,51E-08;2,25E-07;1,68E-07;1,25E-07;4,49E-08;1,46E-07;1,99E-07;1,68E-08;4,57E-09;1,83E-07;5,26E-08;9,88E-08;1,57E-07;2,15E-07;7,84E-08;8,89E-08;2,77E-08;4,80E-08;1,11E-07;3,01E-07;2,23E-07;1,05E-07;0,00E+00;0,00E+00;2,33E-07;2,88E-07;5,06E-08;2,51E-07;4,04E-07;1,83E-07;1,16E-07;1,86E-07
37;37 (2018.07.09. 14:57:01);g50;50;0,49;1,58E-07;2,08E-07;3,05E-08;4,77E-08;2,55E-08;8,89E-09;3,40E-08;0,00E+00;2,95E-08;4,49E-08;0,00E+00;1,19E-08;0,00E+00;1,43E-07;1,32E-07;0,00E+00;1,73E-07;0,00E+00;2,53E-08;7,29E-08;4,82E-08;2,14E-08;7,99E-08;5,44E-08;1,16E-07;1,03E-07;1,50E-07;5,82E-08;1,16E-07;1,73E-07;2,57E-07;1,67E-07;2,06E-07;1,50E-07;1,80E-07;1,88E-07;2,25E-07;1,60E-07;2,11E-07;1,24E-07;2,61E-07;1,79E-07;1,39E-07;1,43E-07;2,19E-07;1,91E-07;2,57E-07;1,78E-07;1,88E-07;2,23E-07;2,15E-07;1,68E-07;1,17E-07;1,85E-07;1,56E-07;1,44E-07;1,83E-07;2,04E-07;1,83E-07;1,61E-07;1,18E-07;1,62E-07;1,88E-07;1,81E-07;1,44E-07;1,99E-07;2,15E-07;2,10E-07;1,27E-07;1,22E-07;1,35E-07;1,71E-07;1,69E-07;1,71E-07;1,96E-07;1,41E-07;1,60E-07;1,35E-07;2,17E-07;2,45E-07;2,53E-07;2,37E-07;2,43E-07;2,61E-07;2,49E-07;2,98E-07;3,51E-07;3,37E-07;3,69E-07;3,83E-07;4,02E-07;4,32E-07;5,19E-07;5,81E-07;6,09E-07;6,45E-07;6,87E-07;7,67E-07;8,11E-07;9,17E-07;1,03E-06;1,21E-06;1,35E-06;1,41E-06;1,56E-06;1,74E-06;1,91E-06;2,10E-06;2,23E-06;2,47E-06;2,73E-06;3,03E-06;3,31E-06;3,62E-06;3,99E-06;4,44E-06;4,80E-06;5,35E-06;5,83E-06;6,25E-06;6,85E-06;7,53E-06;8,12E-06;8,79E-06;9,46E-06;1,03E-05;1,10E-05;1,18E-05;1,27E-05;1,36E-05;1,45E-05;1,53E-05;1,62E-05;1,71E-05;1,79E-05;1,87E-05;1,95E-05;2,02E-05;2,08E-05;2,13E-05;2,18E-05;2,21E-05;2,23E-05;2,25E-05;2,24E-05;2,23E-05;2,20E-05;2,17E-05;2,13E-05;2,08E-05;2,02E-05;1,96E-05;1,88E-05;1,81E-05;1,73E-05;1,66E-05;1,59E-05;1,52E-05;1,45E-05;1,38E-05;1,32E-05;1,25E-05;1,19E-05;1,13E-05;1,08E-05;1,02E-05;9,70E-06;9,24E-06;8,74E-06;8,29E-06;7,89E-06;7,46E-06;7,07E-06;6,69E-06;6,32E-06;5,98E-06;5,64E-06;5,38E-06;5,07E-06;4,76E-06;4,50E-06;4,23E-06;3,99E-06;3,78E-06;3,55E-06;3,34E-06;3,18E-06;2,98E-06;2,76E-06;2,61E-06;2,46E-06;2,33E-06;2,17E-06;2,00E-06;1,97E-06;1,79E-06;1,67E-06;1,58E-06;1,53E-06;1,39E-06;1,26E-06;1,19E-06;1,13E-06;1,02E-06;9,53E-07;8,87E-07;8,22E-07;7,94E-07;7,62E-07;7,13E-07;6,39E-07;6,43E-07;5,71E-07;4,94E-07;4,28E-07;3,79E-07;4,24E-07;3,78E-07;3,81E-07;4,04E-07;3,25E-07;3,21E-07;3,35E-07;2,95E-07;2,44E-07;2,17E-07;1,93E-07;1,98E-07;1,64E-07;1,78E-07;2,02E-07;2,04E-07;1,80E-07;2,00E-07;1,88E-07;1,16E-07;1,28E-07;1,14E-07;6,79E-08;1,55E-07;1,07E-07;7,16E-08;8,86E-08;9,99E-08;1,13E-07;1,09E-07;8,08E-08;1,25E-07;1,04E-07;1,01E-07;2,30E-08;7,82E-08;4,60E-08;1,29E-08;5,09E-08;4,04E-08;8,93E-08;9,38E-08;7,02E-08;9,73E-08;1,01E-07;7,80E-08;4,43E-08;6,51E-08;7,28E-08;3,16E-08;2,85E-08;1,46E-08;5,28E-08;3,24E-08;5,25E-08;2,41E-08;4,99E-08;4,44E-08;7,87E-08;1,08E-07;7,97E-08;4,44E-09;5,01E-08;4,71E-08;2,51E-09;7,80E-08;2,22E-08;1,09E-07;1,05E-07;7,28E-08;1,05E-07;4,44E-08;5,39E-08;6,99E-08;9,09E-08;9,02E-08;9,66E-08;5,68E-08;7,34E-09;7,47E-08;2,97E-08;2,51E-09;4,99E-08;1,33E-07;6,07E-08;8,71E-08;2,98E-08;7,73E-08;8,69E-08;4,33E-08;0,00E+00;0,00E+00;3,08E-08;2,72E-08;1,12E-09;5,49E-08;0,00E+00;3,22E-09;4,01E-08;7,03E-08;8,32E-08;6,75E-08;1,60E-08;3,74E-08;5,87E-08;3,80E-08;4,31E-08;5,37E-08;8,71E-09;9,73E-09;3,54E-08;1,72E-10;8,80E-08;6,79E-08;1,01E-07;1,11E-07;1,25E-07;1,16E-07;5,73E-08;6,32E-08;5,53E-09;6,30E-08;1,24E-07;1,03E-07;3,13E-08;1,03E-07;6,13E-08;1,88E-07;1,34E-07;1,10E-07;7,94E-08;6,51E-08;1,22E-07;7,48E-08;5,16E-09;8,28E-08;1,80E-09;4,87E-08;8,13E-08;3,65E-08;8,88E-08;7,52E-08;7,86E-08;8,33E-08;3,83E-08;9,82E-08;5,51E-09;3,33E-08;4,41E-08;1,21E-08;5,83E-08;7,57E-08;7,52E-10;7,97E-08;2,22E-07;7,30E-08;6,77E-08;1,73E-07;1,10E-07;8,24E-08;8,81E-08;1,10E-07;5,83E-08;1,58E-07;1,95E-07;8,47E-08;4,25E-08;5,79E-08;9,55E-08;5,55E-08;1,41E-07;2,48E-07;1,20E-07;8,80E-08;6,25E-08;2,47E-08;0,00E+00;3,50E-07;2,41E-07;1,84E-07;2,01E-07;0,00E+00;1,08E-07;2,08E-07;2,39E-07
38;38 (2018.07.09. 14:57:50);g55;55;0,54;8,03E-08;2,18E-08;3,01E-07;1,70E-07;1,86E-07;1,66E-07;9,22E-08;7,90E-08;9,90E-09;0,00E+00;0,00E+00;4,19E-08;1,16E-07;3,65E-08;1,55E-07;5,31E-08;7,13E-08;1,81E-07;0,00E+00;0,00E+00;1,02E-07;1,68E-07;4,52E-08;5,39E-08;1,53E-07;8,89E-08;9,85E-08;1,37E-07;1,32E-07;1,73E-07;1,19E-07;1,15E-07;1,97E-07;1,66E-07;1,34E-07;2,23E-07;2,00E-07;2,01E-07;2,15E-07;1,97E-07;1,57E-07;2,45E-07;2,43E-07;2,73E-07;2,38E-07;2,91E-07;2,08E-07;1,81E-07;2,37E-07;2,05E-07;1,57E-07;1,77E-07;1,51E-07;2,45E-07;1,56E-07;1,96E-07;1,55E-07;1,26E-07;2,28E-07;1,41E-07;1,95E-07;1,96E-07;1,81E-07;1,94E-07;2,10E-07;1,34E-07;1,41E-07;1,84E-07;1,74E-07;1,53E-07;2,47E-07;1,88E-07;2,21E-07;1,98E-07;1,88E-07;1,57E-07;2,77E-07;1,92E-07;1,94E-07;2,29E-07;2,42E-07;2,62E-07;2,76E-07;3,07E-07;2,76E-07;3,06E-07;3,49E-07;4,10E-07;4,41E-07;4,36E-07;3,85E-07;5,44E-07;5,80E-07;6,36E-07;6,82E-07;7,43E-07;8,49E-07;9,25E-07;9,25E-07;1,02E-06;1,14E-06;1,31E-06;1,43E-06;1,62E-06;1,67E-06;1,84E-06;2,06E-06;2,31E-06;2,53E-06;2,79E-06;3,09E-06;3,34E-06;3,70E-06;4,07E-06;4,45E-06;4,84E-06;5,33E-06;5,87E-06;6,34E-06;6,93E-06;7,55E-06;8,24E-06;8,89E-06;9,65E-06;1,04E-05;1,13E-05;1,21E-05;1,31E-05;1,40E-05;1,49E-05;1,59E-05;1,69E-05;1,78E-05;1,88E-05;1,98E-05;2,07E-05;2,14E-05;2,21E-05;2,29E-05;2,35E-05;2,40E-05;2,43E-05;2,46E-05;2,47E-05;2,47E-05;2,46E-05;2,43E-05;2,40E-05;2,35E-05;2,29E-05;2,22E-05;2,15E-05;2,08E-05;2,00E-05;1,92E-05;1,83E-05;1,76E-05;1,67E-05;1,60E-05;1,52E-05;1,45E-05;1,37E-05;1,31E-05;1,25E-05;1,19E-05;1,13E-05;1,07E-05;1,01E-05;9,66E-06;9,18E-06;8,70E-06;8,25E-06;7,78E-06;7,37E-06;7,00E-06;6,62E-06;6,28E-06;5,92E-06;5,55E-06;5,31E-06;4,97E-06;4,67E-06;4,39E-06;4,18E-06;3,92E-06;3,71E-06;3,48E-06;3,30E-06;3,09E-06;2,92E-06;2,75E-06;2,57E-06;2,45E-06;2,28E-06;2,15E-06;1,99E-06;1,89E-06;1,73E-06;1,63E-06;1,54E-06;1,41E-06;1,31E-06;1,24E-06;1,14E-06;1,08E-06;1,02E-06;9,71E-07;8,63E-07;8,57E-07;7,59E-07;7,01E-07;6,59E-07;6,20E-07;5,81E-07;5,36E-07;4,98E-07;4,67E-07;4,18E-07;3,50E-07;4,02E-07;3,80E-07;3,57E-07;3,45E-07;2,77E-07;2,41E-07;2,25E-07;2,36E-07;1,83E-07;1,94E-07;1,80E-07;2,13E-07;2,31E-07;1,94E-07;2,48E-07;1,53E-07;1,45E-07;1,29E-07;9,96E-08;1,27E-07;1,06E-07;1,29E-07;1,48E-07;1,39E-07;9,79E-08;5,15E-08;8,50E-08;1,50E-07;1,31E-07;8,34E-08;1,01E-07;4,57E-08;1,21E-07;7,79E-08;3,60E-08;6,84E-08;1,19E-08;9,00E-09;7,80E-08;1,04E-07;2,45E-08;5,47E-08;6,70E-08;3,07E-08;7,78E-08;1,47E-07;8,20E-08;2,75E-08;1,59E-08;4,07E-08;3,06E-08;7,44E-09;2,32E-08;5,97E-08;7,20E-08;3,95E-08;5,03E-08;1,02E-07;7,23E-08;1,41E-07;8,49E-08;7,21E-08;3,27E-08;4,64E-08;1,77E-08;2,50E-08;4,88E-08;4,55E-08;2,41E-08;3,40E-08;1,32E-07;6,70E-08;4,06E-08;7,15E-08;2,29E-08;5,48E-08;1,26E-08;4,10E-08;1,11E-07;8,01E-08;5,86E-08;1,14E-07;8,39E-08;5,82E-08;8,95E-08;5,92E-08;7,15E-08;2,90E-08;5,25E-08;3,43E-08;8,55E-08;5,04E-09;1,36E-07;7,02E-08;5,43E-08;7,08E-09;0,00E+00;2,37E-08;4,53E-08;9,22E-08;3,46E-09;6,01E-08;0,00E+00;1,54E-08;1,73E-08;3,27E-08;1,17E-08;9,04E-08;5,19E-08;1,27E-07;2,93E-09;1,30E-08;6,68E-09;1,60E-08;6,30E-09;0,00E+00;8,95E-08;6,24E-08;6,55E-08;6,77E-08;6,11E-08;1,48E-07;7,87E-08;1,49E-07;8,03E-08;5,43E-08;4,15E-08;4,97E-09;2,74E-08;8,50E-08;7,44E-08;1,03E-08;1,38E-08;1,89E-07;7,32E-08;0,00E+00;2,19E-08;1,02E-07;1,46E-07;9,57E-08;6,80E-08;7,14E-09;1,28E-07;6,53E-08;8,01E-08;1,22E-07;1,28E-07;6,15E-08;1,05E-07;2,11E-07;1,37E-07;1,16E-07;2,64E-08;9,42E-08;1,50E-07;2,24E-07;9,03E-08;6,42E-08;1,34E-07;1,18E-07;7,23E-08;2,11E-07;1,21E-07;7,66E-08;1,80E-07;1,66E-07;1,27E-07;9,47E-08;1,83E-07;2,48E-07;2,26E-07;1,66E-07;2,09E-07;3,86E-08;1,17E-07;2,53E-07;2,73E-07;1,07E-07;1,05E-07;1,58E-07;1,76E-07;2,48E-07
39;39 (2018.07.09. 14:58:43);g60;60;0,59;5,79E-08;8,95E-08;0,00E+00;6,36E-08;1,49E-07;8,13E-09;3,11E-08;0,00E+00;0,00E+00;0,00E+00;1,16E-07;5,90E-09;1,19E-07;1,37E-07;1,88E-07;1,35E-07;1,88E-07;1,49E-07;7,76E-08;1,65E-07;1,46E-07;6,14E-08;1,94E-07;1,45E-07;1,14E-07;2,12E-08;6,29E-08;2,50E-07;2,05E-07;1,06E-07;2,10E-07;2,46E-07;9,58E-08;2,20E-07;1,26E-07;1,87E-07;1,21E-07;2,59E-07;2,23E-07;1,97E-07;2,13E-07;2,15E-07;2,25E-07;2,13E-07;2,29E-07;1,82E-07;1,46E-07;2,32E-07;1,70E-07;1,46E-07;2,05E-07;1,63E-07;2,06E-07;1,60E-07;1,54E-07;1,90E-07;2,01E-07;1,92E-07;1,81E-07;1,89E-07;2,25E-07;1,62E-07;1,99E-07;1,62E-07;2,26E-07;1,41E-07;1,87E-07;1,71E-07;2,22E-07;1,72E-07;1,99E-07;2,15E-07;1,90E-07;1,75E-07;2,43E-07;2,93E-07;2,61E-07;2,22E-07;2,21E-07;2,85E-07;2,59E-07;2,71E-07;3,51E-07;3,82E-07;3,73E-07;3,64E-07;4,04E-07;3,91E-07;4,55E-07;5,19E-07;5,09E-07;5,81E-07;5,71E-07;6,41E-07;7,63E-07;7,90E-07;8,47E-07;1,01E-06;1,11E-06;1,09E-06;1,29E-06;1,36E-06;1,56E-06;1,71E-06;1,92E-06;2,10E-06;2,26E-06;2,52E-06;2,77E-06;3,08E-06;3,36E-06;3,71E-06;4,00E-06;4,37E-06;4,83E-06;5,36E-06;5,81E-06;6,34E-06;6,98E-06;7,58E-06;8,29E-06;9,01E-06;9,78E-06;1,06E-05;1,14E-05;1,23E-05;1,33E-05;1,43E-05;1,53E-05;1,63E-05;1,74E-05;1,85E-05;1,95E-05;2,05E-05;2,16E-05;2,26E-05;2,34E-05;2,43E-05;2,50E-05;2,56E-05;2,62E-05;2,66E-05;2,68E-05;2,70E-05;2,70E-05;2,68E-05;2,66E-05;2,62E-05;2,56E-05;2,50E-05;2,44E-05;2,35E-05;2,27E-05;2,19E-05;2,09E-05;2,00E-05;1,91E-05;1,83E-05;1,75E-05;1,66E-05;1,58E-05;1,50E-05;1,43E-05;1,36E-05;1,30E-05;1,23E-05;1,17E-05;1,11E-05;1,05E-05;1,00E-05;9,50E-06;8,99E-06;8,51E-06;8,06E-06;7,63E-06;7,22E-06;6,83E-06;6,47E-06;6,10E-06;5,74E-06;5,43E-06;5,10E-06;4,82E-06;4,55E-06;4,31E-06;4,03E-06;3,78E-06;3,56E-06;3,36E-06;3,16E-06;2,97E-06;2,79E-06;2,64E-06;2,44E-06;2,34E-06;2,19E-06;2,04E-06;1,91E-06;1,80E-06;1,66E-06;1,56E-06;1,46E-06;1,33E-06;1,24E-06;1,18E-06;1,11E-06;9,86E-07;9,28E-07;8,51E-07;7,88E-07;7,41E-07;6,92E-07;6,62E-07;6,21E-07;5,72E-07;5,43E-07;4,50E-07;4,56E-07;4,27E-07;3,88E-07;3,76E-07;3,93E-07;3,55E-07;2,53E-07;2,76E-07;2,65E-07;2,37E-07;2,22E-07;2,43E-07;2,13E-07;1,94E-07;2,02E-07;2,11E-07;2,55E-07;2,07E-07;2,02E-07;1,56E-07;1,52E-07;1,23E-07;1,16E-07;1,45E-07;1,38E-07;1,23E-07;1,04E-07;1,27E-07;1,24E-07;8,28E-08;6,90E-08;8,11E-08;1,08E-07;4,93E-08;3,63E-08;6,96E-08;2,55E-08;1,20E-08;7,02E-08;9,31E-08;6,70E-08;1,29E-07;7,42E-08;4,84E-08;9,33E-08;9,19E-08;8,89E-08;4,40E-08;6,45E-09;2,46E-08;1,36E-08;6,37E-08;6,58E-08;8,71E-08;2,47E-08;4,52E-08;7,05E-08;5,36E-08;6,52E-08;6,52E-08;7,66E-08;9,37E-08;6,12E-08;9,09E-08;5,99E-08;3,11E-08;7,71E-08;5,59E-08;5,27E-08;5,12E-08;1,27E-07;3,26E-08;6,94E-08;1,29E-07;8,55E-08;6,72E-08;4,37E-08;7,13E-08;1,30E-08;8,91E-08;1,76E-08;5,45E-08;2,67E-08;5,78E-08;7,53E-08;6,00E-08;1,48E-09;2,02E-08;8,83E-08;5,08E-08;0,00E+00;3,08E-08;1,41E-07;7,84E-09;1,14E-07;9,31E-08;1,17E-07;4,24E-08;1,03E-07;1,07E-07;9,57E-08;8,02E-09;1,15E-09;2,86E-08;3,80E-08;7,19E-09;2,66E-08;1,74E-08;3,89E-08;8,51E-08;3,89E-08;5,90E-08;1,05E-07;6,95E-08;4,01E-08;6,40E-08;1,13E-07;4,73E-08;5,10E-08;2,20E-08;6,95E-09;7,20E-08;8,13E-08;4,34E-08;1,15E-08;3,59E-08;5,33E-08;2,23E-08;7,90E-08;5,96E-08;2,88E-08;3,12E-08;7,40E-08;1,55E-08;5,52E-08;1,35E-07;1,31E-07;7,12E-08;7,31E-09;7,97E-08;7,47E-08;4,92E-08;3,47E-08;6,95E-08;1,16E-07;1,42E-07;3,98E-08;7,01E-08;1,28E-07;1,01E-07;7,78E-08;1,34E-07;1,69E-08;1,31E-07;4,74E-08;3,34E-08;3,58E-08;2,00E-08;6,96E-08;2,29E-07;1,14E-07;1,77E-07;4,22E-08;1,38E-07;8,45E-08;8,79E-08;1,00E-07;1,24E-07;2,19E-07;2,52E-08;1,35E-07;9,96E-08;4,11E-08;4,03E-08;1,13E-07;4,91E-08;2,06E-07;3,03E-07;1,97E-07;6,70E-08;1,40E-08;2,50E-07;3,39E-07;9,62E-08
40;40 (2018.07.09. 14:59:35);g75;75;0,75;5,60E-08;2,18E-07;6,11E-09;1,49E-07;2,23E-07;0,00E+00;5,38E-09;1,97E-09;6,66E-09;2,10E-08;0,00E+00;8,97E-08;4,73E-08;1,27E-08;0,00E+00;7,43E-08;3,31E-08;1,56E-08;6,68E-08;0,00E+00;2,35E-08;3,73E-08;2,24E-08;8,77E-10;3,73E-08;1,10E-07;3,62E-08;8,32E-08;8,01E-08;1,84E-07;1,96E-07;1,58E-07;2,14E-07;1,90E-07;2,11E-07;2,70E-07;2,14E-07;2,45E-07;2,93E-07;2,34E-07;1,92E-07;1,96E-07;2,42E-07;2,59E-07;2,44E-07;2,56E-07;3,53E-07;2,79E-07;2,09E-07;2,46E-07;2,06E-07;2,37E-07;2,22E-07;2,07E-07;1,84E-07;2,07E-07;2,17E-07;1,92E-07;2,49E-07;2,29E-07;2,33E-07;1,35E-07;2,00E-07;1,70E-07;2,02E-07;1,51E-07;1,66E-07;1,71E-07;1,42E-07;2,52E-07;2,63E-07;2,37E-07;2,09E-07;2,27E-07;2,72E-07;2,66E-07;2,08E-07;2,85E-07;2,48E-07;3,15E-07;3,43E-07;3,73E-07;3,81E-07;4,11E-07;4,83E-07;4,84E-07;5,18E-07;4,76E-07;5,46E-07;5,63E-07;6,55E-07;6,86E-07;7,05E-07;8,81E-07;9,36E-07;1,06E-06;1,08E-06;1,13E-06;1,32E-06;1,51E-06;1,61E-06;1,79E-06;1,95E-06;2,17E-06;2,36E-06;2,63E-06;2,82E-06;3,24E-06;3,50E-06;3,85E-06;4,21E-06;4,64E-06;5,05E-06;5,63E-06;6,14E-06;6,74E-06;7,32E-06;8,04E-06;8,82E-06;9,60E-06;1,04E-05;1,13E-05;1,22E-05;1,33E-05;1,44E-05;1,55E-05;1,67E-05;1,79E-05;1,91E-05;2,05E-05;2,18E-05;2,31E-05;2,45E-05;2,58E-05;2,70E-05;2,83E-05;2,94E-05;3,04E-05;3,12E-05;3,21E-05;3,28E-05;3,32E-05;3,36E-05;3,38E-05;3,37E-05;3,36E-05;3,32E-05;3,28E-05;3,21E-05;3,13E-05;3,05E-05;2,95E-05;2,84E-05;2,73E-05;2,62E-05;2,51E-05;2,40E-05;2,29E-05;2,19E-05;2,08E-05;1,99E-05;1,89E-05;1,79E-05;1,71E-05;1,62E-05;1,54E-05;1,46E-05;1,39E-05;1,32E-05;1,25E-05;1,19E-05;1,13E-05;1,07E-05;1,01E-05;9,60E-06;9,10E-06;8,58E-06;8,12E-06;7,67E-06;7,23E-06;6,83E-06;6,45E-06;6,08E-06;5,70E-06;5,40E-06;5,11E-06;4,78E-06;4,52E-06;4,21E-06;4,00E-06;3,74E-06;3,49E-06;3,32E-06;3,09E-06;2,91E-06;2,71E-06;2,56E-06;2,39E-06;2,23E-06;2,09E-06;1,95E-06;1,82E-06;1,65E-06;1,52E-06;1,47E-06;1,40E-06;1,28E-06;1,20E-06;1,08E-06;1,05E-06;9,62E-07;8,85E-07;8,27E-07;7,80E-07;7,30E-07;6,88E-07;6,24E-07;6,21E-07;5,90E-07;5,16E-07;4,72E-07;5,10E-07;3,89E-07;3,90E-07;3,37E-07;3,35E-07;3,12E-07;2,92E-07;2,62E-07;2,83E-07;2,63E-07;2,85E-07;2,33E-07;2,91E-07;2,26E-07;1,74E-07;1,80E-07;1,87E-07;1,49E-07;1,68E-07;1,58E-07;1,25E-07;1,33E-07;1,10E-07;1,26E-07;1,30E-07;8,39E-08;1,32E-07;1,00E-07;7,53E-08;1,15E-07;1,13E-07;6,59E-08;6,23E-08;5,59E-08;9,53E-08;8,81E-08;7,61E-08;6,72E-08;9,42E-08;1,11E-07;9,38E-08;3,07E-08;8,17E-08;4,92E-08;1,25E-07;5,96E-09;7,51E-08;9,68E-08;3,15E-08;5,17E-08;6,00E-08;6,52E-09;2,31E-08;3,16E-08;5,13E-08;9,99E-08;5,90E-08;9,13E-08;8,00E-08;8,24E-08;6,16E-09;8,63E-08;5,94E-08;9,32E-08;9,80E-08;6,19E-08;1,10E-07;6,47E-08;7,72E-08;8,01E-08;6,04E-08;6,07E-08;8,86E-08;2,56E-08;3,24E-08;3,96E-08;2,51E-08;1,11E-07;7,53E-08;1,12E-07;1,13E-07;4,31E-08;1,22E-07;3,15E-08;2,77E-08;8,83E-08;5,07E-08;4,62E-08;6,93E-08;3,36E-09;7,12E-08;7,86E-08;3,22E-09;6,37E-08;1,11E-07;8,33E-08;1,78E-08;4,41E-08;7,14E-08;4,01E-08;1,46E-08;1,01E-07;8,09E-08;1,31E-07;1,15E-07;7,82E-08;1,03E-07;1,02E-07;9,10E-08;6,81E-08;3,84E-08;8,36E-08;3,49E-08;8,11E-08;5,05E-08;1,29E-08;6,59E-08;1,02E-08;7,41E-08;1,26E-07;1,22E-07;1,32E-07;5,49E-08;1,39E-07;8,20E-08;1,40E-07;1,09E-07;9,35E-08;3,76E-08;8,43E-08;7,05E-09;1,33E-07;9,45E-08;5,17E-08;4,08E-08;1,16E-07;1,50E-07;5,33E-08;1,25E-07;5,08E-08;6,74E-08;1,67E-07;1,84E-07;1,76E-07;1,09E-07;1,43E-07;1,70E-07;1,92E-07;1,26E-07;2,03E-07;2,15E-07;1,77E-07;1,23E-07;1,65E-07;1,43E-07;1,12E-07;1,80E-07;1,90E-07;9,91E-08;2,02E-07;2,66E-07;1,97E-07;1,83E-07;2,45E-07;1,32E-07;1,64E-07;1,96E-07;1,63E-07;3,00E-08;8,48E-08;1,25E-07;6,93E-08;1,78E-07;4,23E-07;2,86E-07;2,72E-07;2,60E-07;2,69E-07;1,76E-07;1,15E-07
41;41 (2018.07.09. 15:00:29);g90;90;0,9;0,00E+00;0,00E+00;1,92E-08;2,78E-07;9,75E-08;0,00E+00;8,56E-08;9,08E-08;1,53E-07;5,31E-08;1,75E-08;2,92E-07;1,61E-07;2,84E-08;3,47E-08;4,52E-08;1,01E-07;6,53E-08;0,00E+00;3,43E-08;1,60E-07;1,19E-07;6,43E-08;1,61E-07;1,38E-07;2,07E-07;9,05E-08;1,65E-07;2,25E-07;2,38E-07;1,98E-07;1,84E-07;2,53E-07;1,81E-07;2,30E-07;2,33E-07;2,57E-07;3,37E-07;2,73E-07;3,05E-07;3,52E-07;2,87E-07;2,96E-07;3,08E-07;2,93E-07;2,71E-07;2,74E-07;3,18E-07;2,39E-07;2,66E-07;2,30E-07;3,21E-07;2,82E-07;2,75E-07;2,34E-07;3,13E-07;3,03E-07;2,87E-07;2,56E-07;3,04E-07;3,06E-07;2,03E-07;2,83E-07;2,31E-07;2,06E-07;2,48E-07;2,48E-07;2,12E-07;2,31E-07;2,79E-07;2,97E-07;2,75E-07;2,97E-07;3,06E-07;3,28E-07;3,16E-07;3,63E-07;3,63E-07;3,95E-07;3,76E-07;3,75E-07;3,78E-07;4,47E-07;4,83E-07;4,80E-07;5,14E-07;6,01E-07;6,24E-07;6,02E-07;6,59E-07;7,99E-07;8,51E-07;9,73E-07;9,98E-07;1,10E-06;1,26E-06;1,36E-06;1,51E-06;1,60E-06;1,70E-06;1,92E-06;2,15E-06;2,32E-06;2,62E-06;2,84E-06;3,12E-06;3,46E-06;3,83E-06;4,28E-06;4,67E-06;5,10E-06;5,56E-06;6,22E-06;6,74E-06;7,39E-06;8,05E-06;8,94E-06;9,72E-06;1,06E-05;1,15E-05;1,26E-05;1,37E-05;1,48E-05;1,60E-05;1,73E-05;1,87E-05;2,00E-05;2,15E-05;2,30E-05;2,46E-05;2,62E-05;2,78E-05;2,94E-05;3,09E-05;3,24E-05;3,39E-05;3,52E-05;3,64E-05;3,75E-05;3,85E-05;3,93E-05;3,99E-05;4,03E-05;4,05E-05;4,05E-05;4,04E-05;3,99E-05;3,93E-05;3,85E-05;3,76E-05;3,66E-05;3,54E-05;3,42E-05;3,29E-05;3,16E-05;3,02E-05;2,90E-05;2,76E-05;2,63E-05;2,51E-05;2,39E-05;2,28E-05;2,16E-05;2,06E-05;1,96E-05;1,86E-05;1,77E-05;1,68E-05;1,59E-05;1,51E-05;1,44E-05;1,36E-05;1,29E-05;1,22E-05;1,16E-05;1,09E-05;1,03E-05;9,80E-06;9,27E-06;8,70E-06;8,21E-06;7,75E-06;7,30E-06;6,87E-06;6,48E-06;6,12E-06;5,76E-06;5,43E-06;5,10E-06;4,80E-06;4,53E-06;4,26E-06;4,00E-06;3,71E-06;3,52E-06;3,30E-06;3,07E-06;2,90E-06;2,71E-06;2,49E-06;2,34E-06;2,16E-06;2,04E-06;1,92E-06;1,77E-06;1,66E-06;1,54E-06;1,47E-06;1,37E-06;1,26E-06;1,09E-06;1,10E-06;1,03E-06;9,54E-07;8,68E-07;7,63E-07;7,74E-07;7,27E-07;6,84E-07;6,59E-07;5,98E-07;5,43E-07;5,26E-07;4,69E-07;4,28E-07;4,05E-07;3,64E-07;3,85E-07;3,52E-07;3,42E-07;3,82E-07;3,35E-07;2,52E-07;3,11E-07;2,78E-07;2,24E-07;2,14E-07;1,80E-07;1,68E-07;1,30E-07;9,80E-08;1,28E-07;1,72E-07;1,97E-07;1,09E-07;1,23E-07;1,49E-07;1,50E-07;1,14E-07;9,69E-08;7,66E-08;1,34E-07;1,08E-07;6,38E-08;1,02E-07;4,68E-08;4,30E-08;7,87E-08;1,16E-07;9,91E-08;8,66E-08;9,18E-08;2,21E-08;1,06E-07;3,89E-08;3,72E-09;5,09E-08;0,00E+00;3,92E-08;6,52E-08;3,59E-08;1,05E-07;1,52E-07;1,95E-08;9,02E-08;4,26E-08;7,43E-08;9,13E-08;1,11E-07;1,41E-07;7,71E-08;5,22E-08;7,06E-08;1,10E-07;5,57E-08;9,76E-08;6,76E-08;6,29E-08;1,50E-07;1,12E-07;8,56E-08;6,61E-08;4,79E-08;8,42E-08;1,47E-08;1,28E-07;1,07E-07;6,75E-08;7,61E-08;1,56E-07;1,37E-07;1,16E-07;1,13E-07;6,90E-08;6,80E-08;8,19E-08;9,23E-08;3,44E-08;4,22E-08;2,72E-08;1,01E-07;8,15E-08;6,87E-08;2,26E-08;7,31E-08;4,66E-08;8,31E-08;6,06E-08;3,71E-08;1,30E-07;5,01E-08;2,93E-08;9,86E-08;6,61E-08;7,85E-08;1,40E-07;8,56E-08;3,44E-10;3,31E-08;7,34E-08;3,12E-08;6,47E-08;6,45E-08;1,58E-08;6,83E-08;1,03E-07;7,89E-08;4,07E-08;8,07E-08;6,04E-08;1,00E-07;1,16E-07;2,41E-08;1,07E-07;9,85E-08;1,10E-07;6,95E-08;7,70E-08;6,01E-08;5,35E-08;5,85E-08;1,42E-07;8,08E-09;1,52E-07;2,16E-07;1,39E-07;9,34E-08;5,29E-08;4,24E-08;3,47E-08;1,02E-07;9,37E-08;1,07E-07;1,76E-07;8,81E-08;1,84E-07;3,44E-07;1,77E-07;3,96E-08;2,35E-07;1,02E-07;1,89E-07;1,40E-07;1,11E-07;7,59E-08;1,48E-07;5,52E-08;2,43E-07;1,10E-07;2,09E-07;1,33E-07;1,45E-07;1,58E-07;9,87E-08;9,88E-08;3,29E-08;1,33E-07;1,21E-07;8,26E-08;1,76E-07;1,67E-07;6,66E-08;9,66E-09;2,92E-07;1,84E-07;1,27E-07;1,42E-07;3,80E-07;2,35E-07;1,63E-07;1,68E-07
42;42 (2018.07.09. 15:01:22);g105;105;1,05;1,22E-08;1,99E-07;0,00E+00;0,00E+00;2,00E-07;3,43E-08;1,31E-07;0,00E+00;8,54E-08;0,00E+00;2,14E-07;1,90E-07;1,20E-07;8,61E-08;1,83E-07;7,19E-08;7,79E-08;1,65E-08;8,73E-09;7,06E-08;1,07E-07;1,42E-07;1,15E-07;2,02E-07;1,90E-07;1,17E-07;1,63E-07;1,55E-07;1,94E-07;2,63E-07;1,42E-07;2,54E-07;2,12E-07;3,31E-07;2,32E-07;3,56E-07;3,11E-07;2,96E-07;3,03E-07;2,92E-07;2,93E-07;3,11E-07;2,70E-07;3,28E-07;3,59E-07;3,18E-07;3,38E-07;3,02E-07;3,24E-07;2,53E-07;2,93E-07;2,75E-07;3,35E-07;2,77E-07;3,35E-07;2,95E-07;3,59E-07;3,05E-07;2,80E-07;2,83E-07;2,15E-07;2,36E-07;3,06E-07;2,79E-07;2,73E-07;3,09E-07;3,29E-07;3,25E-07;3,58E-07;3,31E-07;3,83E-07;3,29E-07;3,96E-07;3,38E-07;2,45E-07;3,30E-07;3,03E-07;3,90E-07;4,44E-07;4,50E-07;4,68E-07;4,88E-07;4,92E-07;5,77E-07;6,17E-07;6,38E-07;6,65E-07;7,15E-07;7,26E-07;8,84E-07;9,00E-07;1,03E-06;1,10E-06;1,23E-06;1,30E-06;1,44E-06;1,59E-06;1,66E-06;1,93E-06;2,08E-06;2,29E-06;2,53E-06;2,79E-06;3,12E-06;3,39E-06;3,71E-06;4,15E-06;4,44E-06;4,96E-06;5,46E-06;5,99E-06;6,56E-06;7,19E-06;7,91E-06;8,70E-06;9,50E-06;1,04E-05;1,14E-05;1,24E-05;1,35E-05;1,48E-05;1,60E-05;1,73E-05;1,88E-05;2,02E-05;2,19E-05;2,34E-05;2,51E-05;2,69E-05;2,87E-05;3,06E-05;3,24E-05;3,42E-05;3,60E-05;3,77E-05;3,95E-05;4,10E-05;4,24E-05;4,37E-05;4,48E-05;4,58E-05;4,65E-05;4,69E-05;4,72E-05;4,72E-05;4,70E-05;4,66E-05;4,58E-05;4,50E-05;4,39E-05;4,27E-05;4,14E-05;4,00E-05;3,84E-05;3,69E-05;3,53E-05;3,38E-05;3,23E-05;3,08E-05;2,93E-05;2,80E-05;2,66E-05;2,54E-05;2,41E-05;2,29E-05;2,18E-05;2,07E-05;1,96E-05;1,86E-05;1,77E-05;1,68E-05;1,59E-05;1,51E-05;1,43E-05;1,35E-05;1,28E-05;1,21E-05;1,15E-05;1,08E-05;1,02E-05;9,63E-06;9,07E-06;8,56E-06;8,07E-06;7,62E-06;7,16E-06;6,74E-06;6,36E-06;5,99E-06;5,68E-06;5,31E-06;4,96E-06;4,68E-06;4,40E-06;4,12E-06;3,87E-06;3,61E-06;3,38E-06;3,17E-06;2,92E-06;2,70E-06;2,55E-06;2,38E-06;2,20E-06;2,09E-06;1,96E-06;1,78E-06;1,67E-06;1,56E-06;1,46E-06;1,34E-06;1,26E-06;1,22E-06;1,08E-06;1,05E-06;9,02E-07;8,65E-07;8,19E-07;7,67E-07;7,31E-07;6,84E-07;6,43E-07;5,99E-07;5,49E-07;5,52E-07;5,24E-07;4,34E-07;4,56E-07;3,80E-07;3,73E-07;3,90E-07;3,57E-07;3,67E-07;3,05E-07;2,96E-07;2,74E-07;2,34E-07;2,10E-07;2,24E-07;1,72E-07;1,89E-07;1,47E-07;2,00E-07;1,75E-07;1,76E-07;1,36E-07;1,28E-07;9,07E-08;2,35E-07;1,41E-07;2,23E-07;1,32E-07;1,01E-07;1,57E-07;8,53E-08;8,39E-08;1,05E-07;9,38E-08;1,12E-07;6,61E-08;1,05E-07;9,47E-08;7,98E-08;1,10E-07;7,67E-08;1,12E-07;9,18E-08;7,80E-08;8,08E-08;7,48E-08;3,10E-08;7,18E-08;7,57E-08;1,25E-08;8,34E-08;1,07E-07;6,65E-08;9,56E-08;1,28E-07;9,22E-08;4,40E-08;1,02E-07;7,54E-08;7,08E-08;6,63E-08;9,56E-08;1,66E-07;1,37E-07;7,61E-08;1,36E-07;1,44E-07;8,55E-08;1,04E-07;7,87E-08;8,41E-08;1,20E-07;6,85E-08;1,11E-07;1,66E-07;9,68E-08;9,98E-08;1,23E-07;1,14E-07;6,90E-08;4,41E-08;1,12E-07;1,27E-07;1,42E-07;6,52E-08;5,98E-08;8,01E-08;2,53E-08;7,35E-08;1,36E-07;1,27E-07;1,15E-07;5,16E-08;4,79E-08;1,47E-07;2,88E-09;6,08E-08;6,12E-08;3,59E-08;3,32E-08;8,72E-08;4,28E-08;9,34E-08;1,93E-07;9,82E-08;6,37E-08;1,04E-07;1,29E-07;1,15E-07;4,15E-08;9,40E-08;8,93E-08;4,77E-08;5,36E-08;9,36E-08;5,96E-08;8,72E-08;2,01E-08;8,39E-08;1,20E-07;7,83E-08;1,34E-07;1,08E-07;1,15E-07;5,43E-08;9,45E-08;1,05E-07;8,99E-08;2,12E-07;2,73E-08;1,34E-07;7,44E-08;2,50E-08;1,42E-07;9,29E-08;1,28E-07;9,09E-08;1,81E-07;6,44E-08;8,44E-08;1,46E-07;9,11E-08;8,50E-08;1,62E-07;1,54E-07;1,30E-07;8,87E-08;1,56E-07;2,26E-07;1,23E-07;1,01E-07;1,30E-07;1,72E-07;1,56E-07;1,46E-07;1,55E-07;5,53E-08;9,67E-08;1,06E-07;6,43E-08;9,22E-08;2,21E-07;5,17E-08;1,48E-07;9,11E-08;1,21E-07;2,85E-07;2,46E-07;8,38E-08;1,48E-07;0,00E+00;3,14E-08;2,33E-07;2,86E-07;2,26E-07;3,11E-07;2,65E-07
43;43 (2018.07.09. 15:02:14);g120;120;1,2;1,76E-07;6,93E-08;7,80E-09;1,06E-07;1,41E-07;2,15E-07;0,00E+00;0,00E+00;1,06E-08;1,32E-07;1,07E-07;7,93E-09;2,53E-08;0,00E+00;4,54E-08;4,21E-08;8,01E-08;1,09E-08;1,17E-07;1,68E-07;2,54E-07;9,69E-08;1,81E-07;2,13E-07;1,59E-07;1,33E-07;1,33E-08;1,95E-07;1,83E-07;1,93E-07;1,90E-07;2,95E-07;3,00E-07;3,46E-07;3,58E-07;3,32E-07;3,17E-07;2,97E-07;3,27E-07;3,01E-07;3,75E-07;3,43E-07;2,96E-07;4,34E-07;3,64E-07;3,58E-07;4,02E-07;3,85E-07;3,77E-07;3,33E-07;3,60E-07;3,20E-07;3,53E-07;3,08E-07;3,50E-07;3,29E-07;3,55E-07;3,35E-07;3,65E-07;3,37E-07;3,61E-07;3,57E-07;3,62E-07;3,12E-07;2,65E-07;3,52E-07;3,15E-07;3,49E-07;3,43E-07;3,84E-07;3,86E-07;3,35E-07;4,28E-07;4,28E-07;4,24E-07;4,12E-07;5,36E-07;3,88E-07;5,01E-07;4,47E-07;5,92E-07;5,33E-07;6,22E-07;6,33E-07;6,57E-07;7,41E-07;7,27E-07;8,23E-07;9,42E-07;9,43E-07;1,03E-06;1,16E-06;1,26E-06;1,44E-06;1,52E-06;1,72E-06;1,85E-06;1,97E-06;2,22E-06;2,40E-06;2,60E-06;2,88E-06;3,26E-06;3,52E-06;3,88E-06;4,28E-06;4,69E-06;5,24E-06;5,72E-06;6,27E-06;6,92E-06;7,54E-06;8,32E-06;9,16E-06;9,99E-06;1,10E-05;1,20E-05;1,30E-05;1,43E-05;1,55E-05;1,69E-05;1,83E-05;1,99E-05;2,14E-05;2,32E-05;2,50E-05;2,68E-05;2,87E-05;3,07E-05;3,28E-05;3,49E-05;3,71E-05;3,91E-05;4,12E-05;4,32E-05;4,51E-05;4,68E-05;4,84E-05;4,99E-05;5,12E-05;5,23E-05;5,30E-05;5,36E-05;5,39E-05;5,39E-05;5,37E-05;5,32E-05;5,24E-05;5,14E-05;5,02E-05;4,89E-05;4,73E-05;4,57E-05;4,40E-05;4,23E-05;4,05E-05;3,87E-05;3,70E-05;3,53E-05;3,36E-05;3,21E-05;3,05E-05;2,90E-05;2,76E-05;2,63E-05;2,50E-05;2,38E-05;2,25E-05;2,14E-05;2,03E-05;1,93E-05;1,83E-05;1,73E-05;1,64E-05;1,55E-05;1,47E-05;1,39E-05;1,31E-05;1,24E-05;1,18E-05;1,11E-05;1,04E-05;9,84E-06;9,27E-06;8,77E-06;8,25E-06;7,75E-06;7,30E-06;6,89E-06;6,49E-06;6,05E-06;5,70E-06;5,40E-06;5,06E-06;4,74E-06;4,45E-06;4,16E-06;3,91E-06;3,66E-06;3,37E-06;3,15E-06;2,93E-06;2,71E-06;2,55E-06;2,40E-06;2,18E-06;2,07E-06;1,95E-06;1,81E-06;1,64E-06;1,59E-06;1,46E-06;1,34E-06;1,24E-06;1,20E-06;1,05E-06;1,02E-06;9,37E-07;8,53E-07;8,12E-07;7,91E-07;7,30E-07;6,95E-07;6,28E-07;5,38E-07;5,65E-07;5,29E-07;4,72E-07;4,63E-07;4,29E-07;4,15E-07;3,99E-07;3,83E-07;4,08E-07;3,05E-07;3,20E-07;2,79E-07;2,37E-07;2,67E-07;2,88E-07;2,20E-07;2,32E-07;1,64E-07;1,53E-07;1,61E-07;1,21E-07;1,40E-07;2,16E-07;1,40E-07;1,54E-07;1,62E-07;1,56E-07;1,46E-07;9,92E-08;1,04E-07;1,46E-07;4,07E-08;8,31E-08;1,01E-07;1,31E-07;1,14E-07;7,71E-08;1,21E-07;6,23E-08;5,18E-08;1,68E-07;9,27E-08;6,02E-08;6,20E-08;7,61E-08;8,77E-08;1,00E-07;6,32E-08;1,09E-07;8,75E-08;7,09E-08;6,07E-08;1,01E-07;1,24E-07;1,16E-07;1,24E-07;8,55E-08;1,13E-07;1,02E-07;7,61E-08;5,94E-08;1,27E-07;1,59E-07;3,36E-08;1,08E-07;9,01E-08;1,55E-07;9,99E-08;1,38E-07;1,10E-07;9,90E-08;1,98E-08;1,00E-08;4,83E-08;9,20E-08;1,67E-07;8,79E-08;9,20E-08;9,07E-08;3,78E-09;2,87E-08;2,81E-08;9,23E-08;8,04E-08;3,88E-08;1,23E-07;4,99E-08;1,09E-07;1,23E-07;1,34E-07;1,15E-07;1,23E-07;1,18E-07;6,42E-08;7,14E-08;6,16E-08;1,00E-07;7,50E-08;1,38E-07;8,93E-08;8,96E-08;1,02E-07;1,80E-07;7,79E-08;7,80E-08;9,16E-08;1,23E-07;8,90E-08;7,40E-08;6,57E-08;5,34E-08;1,71E-07;1,16E-07;9,60E-08;6,51E-08;2,24E-08;5,16E-08;7,86E-08;1,66E-09;1,25E-07;5,49E-08;7,55E-08;7,91E-08;1,02E-07;1,65E-07;1,39E-07;7,81E-08;1,11E-07;1,71E-07;4,23E-08;1,33E-07;1,52E-07;1,07E-07;4,30E-08;7,91E-08;1,01E-07;8,91E-08;1,21E-07;1,91E-07;2,34E-07;9,06E-08;1,35E-07;1,03E-07;2,67E-07;1,27E-08;1,24E-07;1,49E-07;1,36E-07;1,28E-07;1,93E-07;6,01E-08;1,86E-09;1,31E-07;1,58E-08;9,22E-08;2,37E-08;1,33E-07;1,61E-07;1,69E-07;1,38E-07;1,25E-07;4,30E-08;2,11E-08;9,20E-08;2,17E-07;2,08E-07;9,58E-08;3,14E-07;2,19E-07;1,20E-07;4,19E-07;2,23E-07;1,54E-07;2,64E-07;1,29E-07;3,19E-07
44;44 (2018.07.09. 15:03:28);g135;135;1,35;3,50E-07;3,13E-07;0,00E+00;1,23E-08;1,67E-07;0,00E+00;1,30E-07;1,90E-07;0,00E+00;4,25E-08;2,52E-07;1,42E-07;1,16E-07;1,45E-07;8,51E-08;1,38E-07;6,16E-08;2,60E-08;1,37E-07;1,18E-08;1,89E-07;4,53E-08;1,06E-07;7,12E-08;1,28E-07;6,19E-08;2,28E-07;2,20E-07;2,12E-07;2,40E-07;2,63E-07;2,28E-07;3,06E-07;2,55E-07;3,16E-07;3,92E-07;3,23E-07;3,12E-07;3,70E-07;4,40E-07;3,88E-07;3,67E-07;3,87E-07;4,03E-07;3,84E-07;3,86E-07;3,36E-07;4,51E-07;4,03E-07;3,29E-07;4,58E-07;3,87E-07;4,10E-07;2,88E-07;3,42E-07;3,83E-07;4,14E-07;3,35E-07;3,90E-07;3,55E-07;2,90E-07;2,93E-07;3,72E-07;3,26E-07;3,29E-07;3,61E-07;3,67E-07;3,78E-07;4,14E-07;4,05E-07;4,30E-07;4,13E-07;4,22E-07;4,79E-07;4,78E-07;5,08E-07;5,27E-07;5,59E-07;5,67E-07;6,07E-07;5,82E-07;6,47E-07;7,07E-07;7,05E-07;7,06E-07;8,05E-07;9,54E-07;9,85E-07;1,03E-06;1,11E-06;1,22E-06;1,29E-06;1,43E-06;1,60E-06;1,77E-06;1,86E-06;2,07E-06;2,32E-06;2,55E-06;2,74E-06;2,97E-06;3,37E-06;3,66E-06;4,00E-06;4,48E-06;4,95E-06;5,39E-06;5,91E-06;6,56E-06;7,23E-06;7,86E-06;8,65E-06;9,55E-06;1,04E-05;1,14E-05;1,25E-05;1,37E-05;1,49E-05;1,62E-05;1,77E-05;1,92E-05;2,08E-05;2,25E-05;2,43E-05;2,63E-05;2,82E-05;3,03E-05;3,24E-05;3,47E-05;3,70E-05;3,94E-05;4,17E-05;4,41E-05;4,64E-05;4,86E-05;5,08E-05;5,27E-05;5,45E-05;5,61E-05;5,75E-05;5,89E-05;5,97E-05;6,03E-05;6,07E-05;6,07E-05;6,05E-05;5,99E-05;5,91E-05;5,79E-05;5,66E-05;5,51E-05;5,34E-05;5,15E-05;4,96E-05;4,77E-05;4,57E-05;4,37E-05;4,18E-05;3,99E-05;3,80E-05;3,62E-05;3,45E-05;3,28E-05;3,12E-05;2,97E-05;2,82E-05;2,69E-05;2,54E-05;2,42E-05;2,30E-05;2,18E-05;2,07E-05;1,96E-05;1,86E-05;1,76E-05;1,67E-05;1,57E-05;1,49E-05;1,41E-05;1,33E-05;1,26E-05;1,19E-05;1,12E-05;1,05E-05;9,91E-06;9,34E-06;8,83E-06;8,30E-06;7,77E-06;7,35E-06;6,89E-06;6,51E-06;6,09E-06;5,74E-06;5,38E-06;5,03E-06;4,70E-06;4,45E-06;4,14E-06;3,84E-06;3,56E-06;3,35E-06;3,09E-06;2,92E-06;2,72E-06;2,57E-06;2,35E-06;2,20E-06;2,05E-06;1,87E-06;1,71E-06;1,65E-06;1,52E-06;1,44E-06;1,36E-06;1,22E-06;1,13E-06;1,05E-06;1,03E-06;9,70E-07;8,96E-07;8,60E-07;7,84E-07;7,35E-07;6,76E-07;6,12E-07;5,56E-07;5,59E-07;4,94E-07;4,88E-07;5,00E-07;4,31E-07;4,22E-07;4,02E-07;4,18E-07;3,43E-07;3,48E-07;3,66E-07;3,16E-07;2,60E-07;1,78E-07;2,06E-07;2,59E-07;1,97E-07;1,93E-07;2,01E-07;1,61E-07;1,67E-07;1,26E-07;1,97E-07;2,24E-07;1,40E-07;1,41E-07;1,23E-07;1,53E-07;1,15E-08;1,03E-07;1,09E-07;9,98E-08;1,35E-07;8,34E-08;8,51E-08;1,32E-07;9,20E-08;1,05E-07;1,10E-07;4,50E-08;2,43E-08;7,15E-08;9,31E-08;8,49E-08;7,71E-08;1,01E-07;1,14E-07;1,06E-07;1,24E-07;1,44E-07;1,33E-07;1,38E-07;1,19E-07;6,91E-09;9,87E-08;1,48E-07;8,35E-08;1,17E-07;1,13E-07;1,25E-07;1,19E-07;1,39E-07;1,06E-07;1,04E-07;1,29E-07;1,05E-07;6,89E-08;7,49E-08;1,09E-07;1,53E-07;1,19E-07;5,66E-08;1,06E-07;1,05E-07;1,41E-07;1,39E-07;1,36E-07;8,44E-08;1,14E-07;5,91E-08;7,54E-08;1,04E-07;1,11E-07;9,40E-08;6,09E-08;1,09E-07;1,07E-07;9,43E-08;1,41E-07;1,27E-07;1,03E-07;7,42E-08;1,08E-07;1,12E-07;1,84E-07;1,28E-07;5,63E-08;1,20E-07;3,50E-08;1,24E-07;1,93E-07;2,17E-07;8,97E-08;1,48E-07;1,12E-07;9,47E-08;6,06E-08;7,27E-08;1,65E-07;6,24E-08;4,12E-08;5,39E-08;1,10E-07;1,05E-07;6,43E-08;1,85E-07;1,48E-07;1,61E-07;1,58E-07;1,56E-07;9,25E-08;9,66E-08;1,56E-07;1,15E-07;8,99E-08;2,33E-07;1,22E-07;1,29E-07;1,05E-07;1,09E-07;1,78E-07;1,06E-07;1,29E-07;3,74E-08;1,13E-07;1,68E-07;1,72E-07;1,34E-07;1,41E-07;2,65E-07;1,85E-07;2,30E-07;1,61E-07;1,99E-07;1,67E-07;1,03E-07;2,12E-07;2,40E-07;4,27E-08;4,03E-08;6,77E-08;9,45E-08;8,62E-08;2,77E-08;1,45E-07;2,35E-07;1,47E-07;1,69E-07;1,42E-07;3,13E-07;2,69E-07;1,26E-07;1,31E-08;2,15E-07;2,67E-07;2,38E-07;1,27E-07;3,58E-07;1,97E-07;2,17E-07;1,85E-07;2,60E-07;2,57E-07;5,22E-08
45;45 (2018.07.09. 15:04:30);g150;150;1,51;3,88E-08;2,39E-08;0,00E+00;0,00E+00;1,88E-07;5,44E-08;1,42E-07;0,00E+00;0,00E+00;1,01E-08;3,34E-09;2,05E-08;6,55E-08;0,00E+00;2,47E-07;5,29E-08;1,71E-07;1,70E-07;2,13E-07;3,55E-08;2,29E-07;5,64E-08;1,44E-07;1,70E-07;2,60E-07;1,98E-07;2,98E-07;2,48E-07;1,69E-07;3,67E-07;3,29E-07;2,95E-07;2,82E-07;3,39E-07;3,33E-07;3,76E-07;3,63E-07;3,74E-07;3,11E-07;3,09E-07;4,21E-07;4,20E-07;4,32E-07;3,03E-07;3,79E-07;3,49E-07;3,44E-07;4,34E-07;3,88E-07;3,74E-07;3,61E-07;3,72E-07;3,49E-07;3,88E-07;3,54E-07;3,08E-07;3,66E-07;3,10E-07;3,76E-07;3,84E-07;3,53E-07;3,66E-07;3,53E-07;4,23E-07;4,01E-07;3,75E-07;4,24E-07;3,96E-07;4,07E-07;4,48E-07;4,62E-07;4,57E-07;4,48E-07;4,80E-07;4,98E-07;5,39E-07;4,96E-07;5,32E-07;6,63E-07;6,25E-07;6,78E-07;7,47E-07;7,82E-07;8,23E-07;8,84E-07;8,39E-07;1,02E-06;1,06E-06;1,15E-06;1,22E-06;1,31E-06;1,43E-06;1,62E-06;1,77E-06;1,95E-06;2,15E-06;2,36E-06;2,53E-06;2,80E-06;3,11E-06;3,35E-06;3,75E-06;4,17E-06;4,56E-06;4,98E-06;5,49E-06;6,06E-06;6,75E-06;7,34E-06;8,06E-06;8,85E-06;9,71E-06;1,06E-05;1,16E-05;1,28E-05;1,40E-05;1,53E-05;1,67E-05;1,81E-05;1,97E-05;2,14E-05;2,32E-05;2,51E-05;2,71E-05;2,92E-05;3,14E-05;3,37E-05;3,61E-05;3,86E-05;4,12E-05;4,38E-05;4,64E-05;4,89E-05;5,15E-05;5,40E-05;5,63E-05;5,84E-05;6,05E-05;6,23E-05;6,40E-05;6,53E-05;6,63E-05;6,69E-05;6,74E-05;6,74E-05;6,72E-05;6,65E-05;6,56E-05;6,44E-05;6,30E-05;6,13E-05;5,94E-05;5,73E-05;5,53E-05;5,31E-05;5,09E-05;4,87E-05;4,65E-05;4,44E-05;4,24E-05;4,04E-05;3,84E-05;3,66E-05;3,48E-05;3,31E-05;3,15E-05;2,99E-05;2,84E-05;2,70E-05;2,57E-05;2,44E-05;2,31E-05;2,19E-05;2,08E-05;1,97E-05;1,86E-05;1,76E-05;1,67E-05;1,57E-05;1,49E-05;1,40E-05;1,32E-05;1,25E-05;1,17E-05;1,10E-05;1,04E-05;9,86E-06;9,33E-06;8,75E-06;8,24E-06;7,77E-06;7,30E-06;6,86E-06;6,42E-06;6,03E-06;5,67E-06;5,33E-06;4,96E-06;4,63E-06;4,27E-06;4,01E-06;3,73E-06;3,48E-06;3,26E-06;3,07E-06;2,83E-06;2,60E-06;2,48E-06;2,32E-06;2,18E-06;1,99E-06;1,82E-06;1,72E-06;1,62E-06;1,49E-06;1,39E-06;1,27E-06;1,13E-06;1,11E-06;1,05E-06;9,67E-07;8,98E-07;8,96E-07;7,90E-07;7,66E-07;7,34E-07;6,99E-07;6,57E-07;5,79E-07;5,41E-07;5,30E-07;4,91E-07;5,14E-07;4,55E-07;4,63E-07;4,23E-07;3,52E-07;3,49E-07;3,55E-07;2,86E-07;2,86E-07;2,30E-07;2,57E-07;2,15E-07;2,11E-07;2,14E-07;1,69E-07;2,40E-07;1,26E-07;1,38E-07;1,80E-07;1,51E-07;1,09E-07;1,55E-07;1,60E-07;1,46E-07;2,10E-07;7,10E-08;5,00E-08;1,07E-07;1,45E-07;1,29E-07;1,05E-07;1,10E-07;9,48E-08;1,45E-07;1,13E-07;1,12E-07;1,74E-07;1,66E-07;1,11E-07;9,50E-08;1,08E-07;1,28E-07;8,32E-08;5,17E-08;1,11E-07;1,00E-07;1,28E-07;1,43E-07;1,16E-07;1,36E-07;1,28E-07;1,12E-07;1,43E-07;1,13E-07;1,74E-07;1,01E-07;1,08E-07;1,42E-07;1,04E-07;1,10E-07;9,81E-08;1,37E-07;8,96E-08;2,27E-09;9,85E-08;1,68E-07;8,84E-08;1,14E-07;1,74E-07;1,24E-07;1,20E-07;3,63E-08;1,15E-07;1,31E-07;1,28E-07;7,42E-08;3,44E-08;1,09E-07;5,03E-08;1,81E-07;9,73E-08;1,04E-07;7,55E-08;7,03E-08;1,07E-07;1,32E-07;3,31E-08;1,63E-07;3,87E-08;5,99E-08;9,65E-08;1,32E-07;1,26E-07;9,44E-08;1,23E-07;5,74E-10;1,31E-07;1,40E-07;1,21E-07;1,10E-07;1,48E-07;6,04E-08;1,17E-07;6,52E-08;1,18E-07;4,12E-08;3,34E-08;1,20E-07;1,62E-07;1,58E-07;2,81E-08;1,48E-07;1,17E-07;6,90E-08;6,75E-08;1,27E-07;1,05E-07;7,03E-08;1,43E-07;1,90E-07;6,91E-08;1,98E-07;1,76E-07;1,41E-07;1,59E-08;1,15E-07;8,61E-08;1,58E-07;4,81E-08;9,50E-09;7,99E-08;1,19E-07;1,20E-07;1,34E-07;1,01E-07;1,45E-07;1,73E-07;2,74E-08;2,17E-07;1,30E-07;1,23E-07;8,36E-08;1,93E-07;6,01E-08;1,63E-07;2,19E-07;4,81E-08;1,55E-07;0,00E+00;1,21E-08;1,66E-07;8,63E-08;2,22E-08;9,01E-08;2,30E-07;8,81E-08;1,86E-07;2,97E-07;2,58E-07;1,58E-07;3,69E-07;2,22E-07;5,01E-07;2,09E-07;2,72E-07;3,44E-07;4,00E-07;2,23E-07;1,77E-07
46;46 (2018.07.09. 15:05:22);g165;165;1,66;7,70E-08;8,25E-08;1,78E-07;3,71E-08;1,98E-08;8,46E-09;5,89E-08;4,93E-07;6,95E-08;0,00E+00;0,00E+00;1,51E-08;5,15E-08;1,30E-09;1,31E-07;5,63E-08;7,48E-08;9,79E-08;1,25E-07;8,24E-08;1,69E-07;7,89E-08;1,73E-07;1,54E-07;1,11E-07;2,15E-07;1,88E-07;2,96E-07;2,21E-07;2,81E-07;2,28E-07;2,72E-07;2,27E-07;4,20E-07;3,15E-07;3,26E-07;3,71E-07;4,52E-07;4,53E-07;3,60E-07;3,93E-07;3,37E-07;3,59E-07;4,16E-07;3,92E-07;4,25E-07;3,76E-07;4,64E-07;4,32E-07;4,22E-07;3,92E-07;4,82E-07;3,92E-07;4,65E-07;3,65E-07;3,93E-07;3,80E-07;4,76E-07;4,18E-07;4,45E-07;4,38E-07;3,65E-07;4,42E-07;4,40E-07;3,93E-07;4,35E-07;4,30E-07;4,01E-07;4,30E-07;4,48E-07;5,05E-07;5,11E-07;5,55E-07;5,57E-07;5,68E-07;5,79E-07;5,41E-07;5,99E-07;6,68E-07;7,48E-07;7,43E-07;7,07E-07;8,92E-07;8,89E-07;9,32E-07;1,08E-06;1,08E-06;1,21E-06;1,22E-06;1,42E-06;1,54E-06;1,65E-06;1,82E-06;1,95E-06;2,17E-06;2,37E-06;2,61E-06;2,82E-06;3,24E-06;3,47E-06;3,84E-06;4,12E-06;4,53E-06;5,07E-06;5,56E-06;6,13E-06;6,77E-06;7,40E-06;8,15E-06;9,00E-06;9,82E-06;1,08E-05;1,17E-05;1,29E-05;1,41E-05;1,54E-05;1,68E-05;1,84E-05;2,00E-05;2,17E-05;2,36E-05;2,55E-05;2,77E-05;2,99E-05;3,22E-05;3,46E-05;3,71E-05;3,97E-05;4,25E-05;4,54E-05;4,82E-05;5,10E-05;5,38E-05;5,66E-05;5,92E-05;6,19E-05;6,43E-05;6,64E-05;6,84E-05;7,02E-05;7,17E-05;7,28E-05;7,36E-05;7,40E-05;7,41E-05;7,38E-05;7,31E-05;7,21E-05;7,08E-05;6,92E-05;6,74E-05;6,54E-05;6,32E-05;6,09E-05;5,85E-05;5,62E-05;5,37E-05;5,13E-05;4,91E-05;4,68E-05;4,46E-05;4,24E-05;4,04E-05;3,85E-05;3,66E-05;3,48E-05;3,31E-05;3,14E-05;2,99E-05;2,84E-05;2,69E-05;2,55E-05;2,42E-05;2,29E-05;2,17E-05;2,05E-05;1,94E-05;1,84E-05;1,74E-05;1,64E-05;1,55E-05;1,46E-05;1,38E-05;1,30E-05;1,23E-05;1,16E-05;1,09E-05;1,03E-05;9,68E-06;9,10E-06;8,53E-06;8,06E-06;7,59E-06;7,08E-06;6,68E-06;6,28E-06;5,82E-06;5,44E-06;5,07E-06;4,75E-06;4,42E-06;4,13E-06;3,84E-06;3,58E-06;3,37E-06;3,14E-06;2,94E-06;2,73E-06;2,55E-06;2,31E-06;2,15E-06;2,02E-06;1,92E-06;1,76E-06;1,64E-06;1,52E-06;1,41E-06;1,30E-06;1,25E-06;1,15E-06;1,13E-06;1,01E-06;9,66E-07;9,03E-07;8,26E-07;7,49E-07;7,46E-07;6,64E-07;6,39E-07;5,96E-07;6,01E-07;5,28E-07;5,42E-07;5,25E-07;4,09E-07;3,93E-07;3,87E-07;3,91E-07;3,46E-07;3,09E-07;3,16E-07;3,15E-07;2,83E-07;2,89E-07;2,81E-07;2,32E-07;2,49E-07;2,59E-07;2,15E-07;2,21E-07;2,26E-07;1,86E-07;1,49E-07;1,30E-07;1,54E-07;2,14E-07;1,48E-07;1,15E-07;8,91E-08;1,41E-07;1,76E-07;1,78E-07;1,71E-07;1,26E-07;1,35E-07;1,18E-07;9,15E-08;1,28E-07;1,12E-07;2,62E-08;4,92E-08;5,36E-08;8,77E-08;1,52E-07;7,42E-08;1,09E-07;1,63E-07;1,39E-07;1,10E-07;1,64E-07;1,57E-07;1,63E-07;9,48E-08;6,28E-08;1,18E-07;1,78E-07;1,61E-07;1,78E-07;1,83E-07;1,68E-07;8,66E-08;9,16E-08;1,23E-07;1,12E-07;1,17E-07;1,85E-07;1,60E-07;1,93E-07;1,29E-07;1,07E-07;1,42E-07;1,80E-07;1,80E-07;1,04E-07;1,23E-07;1,25E-07;1,39E-07;1,21E-07;7,65E-08;1,22E-07;1,06E-07;1,19E-07;1,52E-07;8,10E-08;8,49E-08;1,11E-07;8,33E-08;1,59E-07;3,71E-08;4,61E-08;3,01E-08;1,60E-07;1,20E-07;1,26E-07;1,26E-07;9,44E-08;3,30E-08;1,93E-07;1,89E-07;4,19E-08;6,56E-08;1,53E-07;9,93E-08;8,40E-08;1,26E-07;6,40E-08;6,43E-08;1,21E-07;8,52E-08;9,65E-08;1,22E-07;1,87E-07;1,40E-07;1,07E-07;7,14E-08;9,28E-08;6,85E-08;3,55E-08;7,08E-08;1,11E-07;1,77E-07;8,21E-08;2,30E-07;9,14E-08;1,23E-07;1,29E-07;2,07E-07;1,66E-07;1,09E-07;2,53E-07;1,47E-07;6,74E-08;1,34E-07;1,24E-07;2,06E-07;2,87E-07;1,52E-07;1,30E-07;1,35E-07;1,04E-07;3,09E-07;2,20E-07;1,41E-07;2,24E-07;1,24E-07;2,04E-07;1,01E-07;1,56E-07;1,33E-07;2,56E-07;2,24E-07;2,17E-07;2,14E-07;1,92E-07;1,60E-07;1,09E-07;1,81E-07;1,90E-07;2,56E-07;2,77E-07;2,76E-07;2,13E-07;1,84E-07;4,74E-07;1,78E-07;3,88E-07;1,72E-07;1,57E-07;1,38E-07;2,40E-07;2,56E-07
47;47 (2018.07.09. 15:08:27);g180;180;1,81;0,00E+00;1,17E-08;1,67E-08;9,63E-08;2,01E-07;1,22E-07;3,42E-09;1,04E-07;1,86E-07;3,85E-08;2,03E-07;3,38E-08;1,08E-07;0,00E+00;2,83E-07;1,06E-07;2,08E-08;1,53E-07;9,93E-09;2,21E-07;4,57E-08;7,11E-08;1,27E-07;1,04E-07;1,84E-07;1,55E-07;1,83E-07;2,27E-07;3,01E-07;2,82E-07;2,04E-07;2,84E-07;2,72E-07;3,90E-07;3,47E-07;3,47E-07;3,59E-07;3,72E-07;3,20E-07;3,54E-07;4,28E-07;4,20E-07;3,86E-07;4,31E-07;4,34E-07;4,46E-07;4,28E-07;4,68E-07;4,43E-07;4,43E-07;4,48E-07;4,26E-07;4,17E-07;4,96E-07;3,70E-07;4,22E-07;4,63E-07;4,24E-07;4,08E-07;3,92E-07;3,86E-07;4,93E-07;4,72E-07;4,40E-07;4,21E-07;4,57E-07;4,38E-07;4,54E-07;5,16E-07;4,67E-07;4,94E-07;5,32E-07;5,41E-07;5,76E-07;6,10E-07;6,27E-07;6,56E-07;6,71E-07;7,40E-07;7,18E-07;7,85E-07;8,45E-07;8,84E-07;9,37E-07;1,06E-06;1,09E-06;1,20E-06;1,30E-06;1,40E-06;1,52E-06;1,70E-06;1,79E-06;2,00E-06;2,18E-06;2,32E-06;2,61E-06;2,88E-06;3,18E-06;3,42E-06;3,78E-06;4,19E-06;4,63E-06;5,05E-06;5,57E-06;6,12E-06;6,74E-06;7,38E-06;8,13E-06;8,94E-06;9,83E-06;1,08E-05;1,18E-05;1,29E-05;1,42E-05;1,55E-05;1,70E-05;1,85E-05;2,02E-05;2,19E-05;2,38E-05;2,58E-05;2,80E-05;3,02E-05;3,26E-05;3,51E-05;3,77E-05;4,04E-05;4,33E-05;4,62E-05;4,92E-05;5,24E-05;5,54E-05;5,84E-05;6,14E-05;6,43E-05;6,72E-05;6,96E-05;7,21E-05;7,42E-05;7,62E-05;7,78E-05;7,90E-05;7,99E-05;8,04E-05;8,04E-05;8,02E-05;7,95E-05;7,84E-05;7,70E-05;7,53E-05;7,34E-05;7,12E-05;6,89E-05;6,63E-05;6,38E-05;6,13E-05;5,86E-05;5,61E-05;5,36E-05;5,11E-05;4,88E-05;4,64E-05;4,42E-05;4,20E-05;4,00E-05;3,80E-05;3,62E-05;3,44E-05;3,27E-05;3,10E-05;2,94E-05;2,80E-05;2,65E-05;2,51E-05;2,38E-05;2,25E-05;2,13E-05;2,02E-05;1,91E-05;1,80E-05;1,70E-05;1,60E-05;1,51E-05;1,43E-05;1,34E-05;1,26E-05;1,19E-05;1,13E-05;1,06E-05;1,00E-05;9,40E-06;8,88E-06;8,30E-06;7,77E-06;7,33E-06;6,82E-06;6,38E-06;6,02E-06;5,61E-06;5,20E-06;4,86E-06;4,55E-06;4,23E-06;3,93E-06;3,68E-06;3,46E-06;3,19E-06;2,97E-06;2,77E-06;2,57E-06;2,39E-06;2,26E-06;2,08E-06;1,95E-06;1,81E-06;1,71E-06;1,59E-06;1,48E-06;1,40E-06;1,30E-06;1,19E-06;1,12E-06;9,92E-07;9,70E-07;9,00E-07;8,48E-07;7,87E-07;7,64E-07;6,55E-07;6,88E-07;6,80E-07;6,09E-07;6,28E-07;5,61E-07;4,88E-07;4,65E-07;4,49E-07;4,03E-07;3,45E-07;3,58E-07;3,19E-07;3,54E-07;3,31E-07;3,03E-07;2,90E-07;3,20E-07;1,94E-07;2,27E-07;2,61E-07;1,82E-07;1,84E-07;2,12E-07;1,66E-07;2,09E-07;2,20E-07;1,39E-07;1,82E-07;1,63E-07;1,43E-07;1,24E-07;1,63E-07;1,52E-07;1,26E-07;1,20E-07;1,66E-07;8,10E-08;1,53E-07;1,30E-07;1,18E-07;1,06E-07;1,04E-07;1,01E-07;2,93E-08;4,69E-08;1,47E-07;1,18E-07;1,81E-07;8,73E-08;1,35E-07;1,52E-07;9,66E-08;1,91E-07;2,19E-07;1,55E-07;1,03E-07;1,06E-07;1,67E-07;1,35E-07;8,69E-08;1,47E-07;1,74E-07;1,57E-07;1,02E-07;9,30E-08;1,55E-07;5,83E-08;1,38E-07;9,61E-08;1,30E-07;1,55E-07;2,00E-07;1,29E-07;4,31E-08;2,21E-07;1,31E-07;9,37E-08;1,28E-07;1,66E-07;1,77E-07;1,66E-07;9,62E-08;1,49E-07;1,07E-07;1,14E-07;1,20E-07;7,27E-08;8,29E-08;1,29E-07;1,43E-07;1,57E-07;1,43E-07;9,54E-08;1,38E-07;1,18E-07;1,62E-07;1,70E-07;1,21E-07;1,03E-07;1,73E-07;2,02E-07;1,41E-07;3,97E-08;1,17E-07;1,12E-07;1,01E-07;1,16E-07;1,40E-07;1,43E-07;1,40E-07;9,87E-08;1,78E-07;9,77E-08;2,46E-07;9,36E-08;6,30E-08;1,47E-07;1,68E-07;1,17E-07;1,54E-07;1,55E-07;1,25E-07;2,15E-07;1,77E-07;1,43E-07;2,11E-07;1,51E-07;1,27E-07;1,07E-07;1,63E-07;9,17E-08;1,85E-07;1,58E-07;2,08E-07;2,37E-07;2,00E-07;1,34E-07;1,37E-07;1,51E-07;2,68E-07;1,15E-07;1,18E-07;2,10E-07;2,11E-07;1,94E-07;1,76E-07;2,56E-07;6,45E-08;1,55E-07;6,85E-08;1,06E-07;2,23E-07;2,05E-07;1,72E-07;3,30E-07;2,31E-07;2,24E-07;1,20E-07;2,48E-07;1,39E-07;1,83E-07;2,23E-07;2,00E-07;2,79E-07;2,46E-07;3,01E-07;2,09E-07;2,92E-07;2,84E-07;1,99E-07;2,49E-07;5,05E-07
48;48 (2018.07.09. 15:09:30);g195;195;1,96;7,21E-08;2,68E-07;0,00E+00;0,00E+00;0,00E+00;0,00E+00;0,00E+00;1,58E-07;1,52E-07;3,55E-08;1,17E-08;4,60E-08;7,34E-08;5,62E-09;1,42E-07;0,00E+00;0,00E+00;1,10E-07;2,57E-08;4,89E-08;1,95E-07;9,64E-08;2,27E-07;2,28E-07;9,43E-08;1,65E-07;1,25E-07;1,82E-07;2,21E-07;3,28E-07;2,30E-07;2,97E-07;2,99E-07;3,26E-07;2,60E-07;3,30E-07;2,96E-07;3,06E-07;4,13E-07;3,42E-07;3,85E-07;4,05E-07;4,12E-07;4,84E-07;4,23E-07;4,25E-07;4,91E-07;4,71E-07;4,53E-07;4,19E-07;4,07E-07;4,54E-07;5,09E-07;4,89E-07;4,55E-07;4,45E-07;3,87E-07;5,39E-07;4,35E-07;4,13E-07;4,45E-07;4,73E-07;4,53E-07;5,27E-07;4,75E-07;5,04E-07;4,89E-07;5,02E-07;5,56E-07;5,48E-07;5,68E-07;6,01E-07;5,93E-07;5,74E-07;6,28E-07;6,75E-07;7,19E-07;8,25E-07;7,79E-07;8,01E-07;8,92E-07;9,17E-07;9,85E-07;1,06E-06;1,14E-06;1,21E-06;1,34E-06;1,40E-06;1,52E-06;1,73E-06;1,85E-06;2,04E-06;2,18E-06;2,37E-06;2,63E-06;2,85E-06;3,18E-06;3,39E-06;3,84E-06;4,21E-06;4,57E-06;5,08E-06;5,54E-06;6,10E-06;6,71E-06;7,45E-06;8,16E-06;8,96E-06;9,84E-06;1,08E-05;1,18E-05;1,29E-05;1,41E-05;1,55E-05;1,69E-05;1,84E-05;2,01E-05;2,19E-05;2,38E-05;2,59E-05;2,80E-05;3,03E-05;3,28E-05;3,53E-05;3,81E-05;4,09E-05;4,38E-05;4,69E-05;5,00E-05;5,33E-05;5,67E-05;6,00E-05;6,31E-05;6,64E-05;6,95E-05;7,25E-05;7,53E-05;7,79E-05;8,02E-05;8,23E-05;8,41E-05;8,54E-05;8,63E-05;8,70E-05;8,70E-05;8,68E-05;8,60E-05;8,49E-05;8,35E-05;8,16E-05;7,96E-05;7,72E-05;7,47E-05;7,20E-05;6,92E-05;6,65E-05;6,36E-05;6,09E-05;5,82E-05;5,55E-05;5,29E-05;5,04E-05;4,80E-05;4,57E-05;4,34E-05;4,14E-05;3,94E-05;3,73E-05;3,55E-05;3,38E-05;3,20E-05;3,04E-05;2,88E-05;2,74E-05;2,59E-05;2,45E-05;2,32E-05;2,19E-05;2,08E-05;1,96E-05;1,85E-05;1,75E-05;1,65E-05;1,55E-05;1,47E-05;1,38E-05;1,30E-05;1,23E-05;1,15E-05;1,09E-05;1,03E-05;9,62E-06;9,08E-06;8,53E-06;8,00E-06;7,44E-06;6,97E-06;6,57E-06;6,12E-06;5,73E-06;5,31E-06;4,94E-06;4,60E-06;4,32E-06;4,03E-06;3,72E-06;3,51E-06;3,25E-06;2,99E-06;2,84E-06;2,63E-06;2,44E-06;2,26E-06;2,10E-06;1,92E-06;1,90E-06;1,71E-06;1,65E-06;1,52E-06;1,41E-06;1,31E-06;1,20E-06;1,13E-06;1,13E-06;1,01E-06;9,02E-07;8,23E-07;8,28E-07;7,90E-07;7,33E-07;6,87E-07;6,86E-07;6,15E-07;5,46E-07;5,11E-07;4,76E-07;4,88E-07;4,68E-07;4,13E-07;3,84E-07;4,01E-07;3,13E-07;3,04E-07;2,93E-07;3,34E-07;3,30E-07;3,54E-07;2,91E-07;2,49E-07;2,46E-07;2,60E-07;2,24E-07;2,60E-07;2,18E-07;2,08E-07;1,69E-07;2,19E-07;2,59E-07;1,79E-07;2,39E-07;1,58E-07;1,55E-07;1,74E-07;1,60E-07;1,19E-07;8,43E-08;7,73E-08;1,04E-07;1,18E-07;1,03E-07;1,23E-07;1,56E-07;5,89E-08;1,12E-07;1,37E-07;1,35E-07;1,95E-07;1,59E-07;1,60E-07;1,42E-07;1,55E-07;1,98E-07;1,91E-07;2,00E-07;2,01E-07;1,39E-07;1,27E-07;1,02E-07;2,14E-07;1,47E-07;1,71E-07;1,36E-07;1,37E-07;1,12E-07;8,04E-08;1,62E-07;1,35E-07;1,55E-07;1,56E-07;1,61E-07;1,29E-07;1,17E-07;1,61E-07;1,14E-07;1,92E-07;1,74E-07;1,36E-07;7,38E-08;1,04E-07;9,11E-08;9,23E-08;1,21E-07;3,42E-08;1,27E-07;6,37E-08;9,00E-08;1,62E-07;1,25E-07;8,62E-08;9,91E-08;1,33E-07;9,90E-08;1,65E-07;1,61E-07;1,42E-07;1,20E-07;1,72E-07;1,68E-07;2,05E-07;1,82E-07;1,77E-07;1,24E-07;1,09E-07;1,48E-07;1,66E-07;1,28E-07;1,29E-07;2,06E-07;1,87E-07;7,37E-08;1,29E-07;1,46E-07;1,33E-07;1,21E-07;1,46E-07;1,44E-07;1,84E-07;1,81E-07;1,60E-07;1,05E-07;1,38E-07;1,76E-07;1,93E-07;1,77E-07;2,43E-07;2,62E-07;1,50E-07;1,95E-07;2,20E-07;3,33E-08;1,54E-07;2,02E-07;2,46E-07;2,29E-07;2,42E-07;2,01E-07;2,74E-07;3,20E-07;2,70E-07;3,04E-07;2,16E-07;1,77E-07;2,00E-07;2,18E-07;2,48E-07;2,38E-07;2,02E-07;8,81E-08;5,44E-08;2,62E-07;2,48E-07;2,41E-07;3,23E-07;4,37E-07;1,96E-07;1,34E-07;2,26E-07;3,56E-07;2,30E-07;2,00E-07;5,83E-08;2,10E-07;2,48E-07;3,91E-08;2,53E-07;3,17E-07;3,04E-07;2,23E-07;2,05E-07;3,31E-07;3,36E-07
49;49 (2018.07.09. 15:10:24);g210;210;2,12;2,59E-10;2,78E-10;0,00E+00;5,59E-08;1,00E-07;1,10E-07;2,65E-07;3,08E-07;1,66E-07;0,00E+00;5,83E-08;1,02E-08;1,36E-07;1,14E-07;3,85E-08;6,02E-08;0,00E+00;0,00E+00;5,47E-08;2,35E-07;6,68E-09;4,28E-08;1,66E-07;8,43E-08;1,17E-07;1,88E-07;2,31E-07;2,03E-07;2,23E-07;2,83E-07;2,92E-07;2,84E-07;3,04E-07;2,32E-07;2,74E-07;3,56E-07;4,85E-07;3,88E-07;4,08E-07;4,50E-07;4,60E-07;4,88E-07;5,34E-07;4,16E-07;4,93E-07;5,39E-07;4,86E-07;4,40E-07;4,82E-07;5,84E-07;4,23E-07;4,80E-07;4,78E-07;5,35E-07;4,38E-07;4,29E-07;4,23E-07;4,65E-07;4,58E-07;5,13E-07;5,74E-07;4,02E-07;5,71E-07;5,74E-07;5,31E-07;6,09E-07;5,19E-07;5,68E-07;5,86E-07;5,82E-07;5,88E-07;6,15E-07;5,84E-07;6,87E-07;7,41E-07;7,92E-07;8,07E-07;7,62E-07;7,88E-07;8,51E-07;8,58E-07;9,96E-07;9,70E-07;1,09E-06;1,27E-06;1,32E-06;1,34E-06;1,55E-06;1,64E-06;1,82E-06;1,96E-06;2,15E-06;2,32E-06;2,53E-06;2,87E-06;3,10E-06;3,39E-06;3,72E-06;4,09E-06;4,53E-06;4,97E-06;5,54E-06;6,07E-06;6,66E-06;7,28E-06;8,00E-06;8,84E-06;9,68E-06;1,07E-05;1,17E-05;1,27E-05;1,39E-05;1,53E-05;1,68E-05;1,82E-05;2,00E-05;2,17E-05;2,37E-05;2,57E-05;2,79E-05;3,02E-05;3,27E-05;3,53E-05;3,81E-05;4,10E-05;4,40E-05;4,72E-05;5,05E-05;5,39E-05;5,74E-05;6,09E-05;6,44E-05;6,79E-05;7,13E-05;7,47E-05;7,79E-05;8,09E-05;8,37E-05;8,63E-05;8,85E-05;9,04E-05;9,19E-05;9,28E-05;9,35E-05;9,36E-05;9,33E-05;9,25E-05;9,13E-05;8,98E-05;8,79E-05;8,56E-05;8,32E-05;8,05E-05;7,76E-05;7,47E-05;7,17E-05;6,86E-05;6,57E-05;6,27E-05;5,99E-05;5,71E-05;5,45E-05;5,19E-05;4,94E-05;4,70E-05;4,47E-05;4,25E-05;4,03E-05;3,84E-05;3,64E-05;3,46E-05;3,28E-05;3,12E-05;2,95E-05;2,80E-05;2,65E-05;2,52E-05;2,38E-05;2,25E-05;2,13E-05;2,01E-05;1,89E-05;1,78E-05;1,68E-05;1,59E-05;1,49E-05;1,41E-05;1,33E-05;1,25E-05;1,18E-05;1,11E-05;1,04E-05;9,79E-06;9,20E-06;8,65E-06;8,11E-06;7,56E-06;7,08E-06;6,62E-06;6,15E-06;5,75E-06;5,38E-06;5,02E-06;4,71E-06;4,36E-06;4,04E-06;3,75E-06;3,52E-06;3,25E-06;3,00E-06;2,86E-06;2,64E-06;2,45E-06;2,34E-06;2,17E-06;1,94E-06;1,87E-06;1,74E-06;1,65E-06;1,53E-06;1,42E-06;1,35E-06;1,26E-06;1,16E-06;1,09E-06;1,01E-06;9,07E-07;9,36E-07;8,56E-07;7,93E-07;8,11E-07;6,92E-07;6,51E-07;6,27E-07;5,54E-07;5,75E-07;5,48E-07;4,88E-07;4,28E-07;4,29E-07;4,33E-07;3,96E-07;3,68E-07;3,34E-07;3,24E-07;3,28E-07;3,37E-07;3,00E-07;2,36E-07;2,00E-07;2,14E-07;2,33E-07;2,36E-07;2,14E-07;2,01E-07;1,71E-07;2,29E-07;1,33E-07;1,72E-07;1,73E-07;1,74E-07;1,51E-07;1,48E-07;1,74E-07;1,70E-07;1,81E-07;1,49E-07;1,40E-07;8,90E-08;6,00E-08;6,83E-08;6,44E-08;9,39E-08;9,70E-08;9,09E-08;6,07E-08;2,08E-07;1,88E-07;1,60E-07;1,77E-07;2,01E-07;1,35E-07;1,49E-07;1,79E-07;1,21E-07;1,15E-07;1,32E-07;1,39E-07;1,04E-07;1,10E-07;1,40E-07;1,56E-07;1,90E-07;2,17E-07;1,36E-07;1,30E-07;1,82E-07;1,91E-07;9,96E-08;1,12E-07;1,03E-07;9,84E-08;1,60E-07;6,39E-08;1,47E-07;1,39E-07;1,29E-07;1,61E-07;1,53E-07;1,29E-07;1,37E-07;1,60E-07;1,15E-07;1,69E-07;7,90E-08;9,38E-08;1,29E-07;1,87E-07;1,36E-07;1,08E-07;1,57E-07;1,48E-07;2,52E-07;1,64E-07;9,53E-08;1,24E-07;1,26E-07;1,39E-07;4,67E-08;8,74E-08;1,03E-07;1,19E-07;1,43E-07;1,53E-07;9,12E-08;1,25E-07;1,11E-07;1,23E-07;1,04E-07;6,52E-08;8,97E-08;5,21E-08;6,90E-08;1,54E-08;9,55E-08;1,56E-07;2,02E-07;1,93E-07;1,57E-07;1,49E-07;2,51E-08;7,45E-08;1,39E-07;5,59E-08;1,45E-07;1,67E-07;1,57E-07;2,28E-07;2,27E-07;8,40E-08;1,43E-07;1,30E-07;2,60E-07;1,47E-07;1,60E-07;1,45E-07;1,05E-07;1,20E-07;1,45E-07;5,82E-08;1,83E-07;1,15E-07;8,51E-08;2,52E-07;2,03E-07;1,22E-07;2,50E-07;1,90E-07;3,15E-08;5,59E-08;1,59E-07;2,09E-07;9,18E-08;1,99E-07;2,45E-07;3,13E-07;3,83E-07;4,38E-07;3,53E-07;1,68E-07;1,91E-07;1,53E-07;2,64E-07;2,96E-07;5,49E-08;2,88E-07;1,99E-07;2,24E-07;2,93E-07;3,23E-07;3,72E-07
50;50 (2018.07.09. 15:11:24);g225;225;2,27;2,49E-07;0,00E+00;3,34E-09;3,86E-08;0,00E+00;0,00E+00;2,31E-08;1,01E-08;1,77E-07;0,00E+00;6,11E-08;0,00E+00;7,70E-08;2,06E-07;0,00E+00;0,00E+00;0,00E+00;2,27E-08;8,27E-08;1,91E-07;8,39E-08;1,57E-07;1,08E-07;2,01E-07;2,00E-07;2,42E-07;4,59E-07;2,75E-07;1,50E-07;2,36E-07;1,49E-07;4,10E-07;3,66E-07;3,75E-07;2,78E-07;2,99E-07;3,45E-07;3,32E-07;4,90E-07;4,77E-07;4,70E-07;4,26E-07;4,54E-07;3,98E-07;4,18E-07;5,15E-07;4,27E-07;4,42E-07;4,68E-07;4,53E-07;3,71E-07;4,99E-07;4,52E-07;5,04E-07;5,28E-07;4,95E-07;5,24E-07;5,25E-07;4,84E-07;4,93E-07;4,85E-07;5,45E-07;5,61E-07;5,72E-07;5,63E-07;4,80E-07;5,70E-07;6,39E-07;6,31E-07;6,77E-07;6,52E-07;6,60E-07;6,93E-07;7,00E-07;7,30E-07;8,20E-07;8,14E-07;8,46E-07;8,55E-07;9,67E-07;1,06E-06;1,03E-06;1,15E-06;1,15E-06;1,27E-06;1,45E-06;1,53E-06;1,63E-06;1,91E-06;1,92E-06;2,15E-06;2,28E-06;2,52E-06;2,85E-06;3,12E-06;3,35E-06;3,72E-06;4,08E-06;4,45E-06;4,83E-06;5,40E-06;5,95E-06;6,54E-06;7,14E-06;7,88E-06;8,71E-06;9,54E-06;1,04E-05;1,14E-05;1,26E-05;1,38E-05;1,51E-05;1,64E-05;1,81E-05;1,97E-05;2,15E-05;2,33E-05;2,54E-05;2,76E-05;2,99E-05;3,24E-05;3,51E-05;3,79E-05;4,08E-05;4,39E-05;4,72E-05;5,06E-05;5,41E-05;5,77E-05;6,14E-05;6,52E-05;6,89E-05;7,26E-05;7,63E-05;7,98E-05;8,33E-05;8,65E-05;8,95E-05;9,22E-05;9,45E-05;9,65E-05;9,81E-05;9,93E-05;9,99E-05;1,00E-04;9,98E-05;9,90E-05;9,78E-05;9,61E-05;9,41E-05;9,17E-05;8,91E-05;8,62E-05;8,32E-05;8,01E-05;7,69E-05;7,38E-05;7,05E-05;6,74E-05;6,43E-05;6,13E-05;5,84E-05;5,57E-05;5,31E-05;5,05E-05;4,81E-05;4,57E-05;4,34E-05;4,13E-05;3,92E-05;3,73E-05;3,54E-05;3,35E-05;3,18E-05;3,01E-05;2,85E-05;2,70E-05;2,56E-05;2,42E-05;2,28E-05;2,16E-05;2,04E-05;1,93E-05;1,81E-05;1,71E-05;1,61E-05;1,52E-05;1,43E-05;1,35E-05;1,27E-05;1,20E-05;1,12E-05;1,06E-05;9,92E-06;9,35E-06;8,66E-06;8,14E-06;7,62E-06;7,09E-06;6,63E-06;6,22E-06;5,78E-06;5,39E-06;5,06E-06;4,70E-06;4,37E-06;4,08E-06;3,75E-06;3,45E-06;3,30E-06;3,10E-06;2,86E-06;2,65E-06;2,47E-06;2,31E-06;2,11E-06;1,99E-06;1,82E-06;1,73E-06;1,61E-06;1,54E-06;1,42E-06;1,31E-06;1,24E-06;1,17E-06;1,07E-06;9,89E-07;1,00E-06;9,26E-07;8,60E-07;8,09E-07;7,65E-07;7,28E-07;6,22E-07;6,61E-07;6,28E-07;5,47E-07;4,83E-07;5,23E-07;4,66E-07;4,85E-07;4,09E-07;4,12E-07;3,96E-07;3,18E-07;3,51E-07;3,27E-07;3,11E-07;3,01E-07;2,59E-07;2,95E-07;2,75E-07;2,53E-07;2,27E-07;2,10E-07;1,68E-07;2,55E-07;2,27E-07;2,49E-07;2,17E-07;1,43E-07;1,19E-07;1,23E-07;8,25E-08;1,93E-07;1,66E-07;1,52E-07;1,32E-07;1,44E-07;1,16E-07;1,13E-07;1,46E-07;7,44E-08;1,26E-07;1,55E-07;1,57E-07;2,03E-07;2,70E-07;1,94E-07;2,16E-07;1,48E-07;2,01E-07;1,75E-07;9,65E-08;1,22E-07;1,96E-07;1,71E-07;1,91E-07;1,36E-07;2,14E-07;1,73E-07;1,79E-07;1,79E-07;1,75E-07;1,65E-07;2,12E-07;2,65E-07;1,41E-07;9,43E-08;1,76E-07;1,97E-07;1,20E-07;1,43E-07;1,42E-07;1,15E-07;1,95E-07;1,75E-07;1,69E-07;1,58E-07;1,39E-07;1,07E-07;1,69E-07;1,35E-07;1,88E-07;1,26E-07;1,78E-07;1,54E-07;1,44E-07;2,14E-07;6,11E-08;1,61E-07;9,90E-08;1,04E-07;8,23E-08;1,61E-07;8,43E-08;1,10E-07;5,91E-08;1,48E-07;1,48E-07;1,58E-07;1,77E-07;1,76E-07;1,43E-07;2,23E-07;1,04E-07;2,07E-07;2,13E-07;1,39E-07;3,58E-08;1,53E-07;1,90E-07;2,23E-07;1,83E-07;1,16E-07;8,55E-08;1,81E-07;1,33E-07;7,11E-08;1,45E-07;5,69E-08;2,23E-07;2,17E-07;1,70E-07;2,63E-07;1,80E-07;1,74E-07;2,09E-07;1,65E-07;1,52E-07;1,52E-07;1,39E-07;2,26E-07;1,93E-07;1,16E-07;7,67E-08;2,18E-07;1,25E-07;1,31E-07;2,23E-07;2,27E-07;1,51E-07;8,59E-08;1,77E-07;1,20E-07;2,38E-07;2,99E-07;1,04E-07;1,89E-07;2,11E-07;1,56E-07;2,06E-07;1,92E-07;2,10E-07;1,82E-07;9,29E-08;1,86E-07;3,15E-07;2,94E-07;2,50E-07;3,11E-07;4,18E-07;3,79E-07;1,15E-07;5,20E-07;3,91E-07;2,89E-07;1,45E-07;3,17E-07;4,59E-07;4,23E-07
51;51 (2018.07.09. 15:12:37);g240;240;2,4;9,03E-08;5,15E-08;0,00E+00;6,88E-08;3,75E-08;0,00E+00;5,06E-08;1,85E-08;1,33E-07;6,66E-08;3,20E-10;2,25E-07;1,69E-08;0,00E+00;1,11E-07;0,00E+00;2,01E-08;1,55E-07;2,12E-07;1,45E-07;1,07E-07;1,29E-07;1,30E-07;7,89E-08;2,19E-07;5,11E-08;3,46E-07;2,77E-07;2,87E-07;3,53E-07;4,15E-07;3,17E-07;3,05E-07;3,45E-07;2,97E-07;4,43E-07;2,62E-07;3,19E-07;3,29E-07;4,55E-07;4,27E-07;4,82E-07;5,34E-07;4,49E-07;4,79E-07;4,93E-07;4,62E-07;4,72E-07;4,81E-07;5,17E-07;4,58E-07;5,01E-07;4,92E-07;4,31E-07;5,01E-07;4,97E-07;5,85E-07;5,55E-07;4,85E-07;5,15E-07;5,27E-07;5,03E-07;4,83E-07;5,46E-07;5,67E-07;5,93E-07;5,56E-07;6,46E-07;6,41E-07;6,38E-07;6,57E-07;6,80E-07;6,91E-07;7,48E-07;7,75E-07;7,72E-07;8,40E-07;9,11E-07;9,51E-07;9,69E-07;1,08E-06;1,10E-06;1,18E-06;1,19E-06;1,41E-06;1,61E-06;1,70E-06;1,78E-06;1,93E-06;2,10E-06;2,31E-06;2,60E-06;2,75E-06;2,98E-06;3,26E-06;3,57E-06;3,96E-06;4,37E-06;4,78E-06;5,28E-06;5,77E-06;6,40E-06;7,01E-06;7,69E-06;8,49E-06;9,25E-06;1,01E-05;1,11E-05;1,22E-05;1,34E-05;1,46E-05;1,60E-05;1,74E-05;1,91E-05;2,09E-05;2,28E-05;2,47E-05;2,70E-05;2,92E-05;3,17E-05;3,44E-05;3,71E-05;4,01E-05;4,31E-05;4,64E-05;4,96E-05;5,33E-05;5,70E-05;6,08E-05;6,46E-05;6,86E-05;7,25E-05;7,65E-05;8,03E-05;8,40E-05;8,77E-05;9,10E-05;9,41E-05;9,69E-05;9,95E-05;1,02E-04;1,03E-04;1,04E-04;1,05E-04;1,05E-04;1,05E-04;1,04E-04;1,03E-04;1,01E-04;9,93E-05;9,68E-05;9,40E-05;9,11E-05;8,78E-05;8,46E-05;8,12E-05;7,79E-05;7,46E-05;7,13E-05;6,81E-05;6,49E-05;6,18E-05;5,90E-05;5,61E-05;5,34E-05;5,08E-05;4,84E-05;4,60E-05;4,38E-05;4,15E-05;3,95E-05;3,74E-05;3,56E-05;3,37E-05;3,20E-05;3,03E-05;2,87E-05;2,71E-05;2,57E-05;2,42E-05;2,29E-05;2,16E-05;2,04E-05;1,93E-05;1,81E-05;1,71E-05;1,61E-05;1,52E-05;1,43E-05;1,35E-05;1,26E-05;1,19E-05;1,12E-05;1,06E-05;9,84E-06;9,21E-06;8,63E-06;8,10E-06;7,58E-06;7,07E-06;6,52E-06;6,18E-06;5,67E-06;5,30E-06;5,02E-06;4,68E-06;4,30E-06;3,97E-06;3,73E-06;3,51E-06;3,27E-06;3,03E-06;2,82E-06;2,63E-06;2,56E-06;2,25E-06;2,16E-06;1,97E-06;1,86E-06;1,67E-06;1,58E-06;1,47E-06;1,40E-06;1,31E-06;1,27E-06;1,11E-06;1,05E-06;1,03E-06;9,52E-07;9,13E-07;8,84E-07;8,50E-07;6,93E-07;7,71E-07;6,52E-07;5,77E-07;5,56E-07;5,84E-07;5,52E-07;4,86E-07;5,25E-07;3,99E-07;3,96E-07;3,99E-07;3,54E-07;3,77E-07;3,36E-07;3,18E-07;3,10E-07;2,95E-07;2,95E-07;2,82E-07;2,59E-07;2,97E-07;2,05E-07;2,31E-07;2,69E-07;2,11E-07;1,91E-07;1,46E-07;1,83E-07;2,03E-07;1,88E-07;2,18E-07;1,25E-07;1,38E-07;1,27E-07;1,05E-07;3,54E-08;1,09E-07;1,86E-07;8,83E-08;5,63E-08;1,09E-07;1,65E-07;1,43E-07;1,73E-07;1,87E-07;2,13E-07;2,04E-07;1,77E-07;1,65E-07;2,00E-07;2,34E-07;1,88E-07;1,62E-07;1,77E-07;1,13E-07;1,17E-07;1,27E-07;2,01E-07;1,49E-07;2,16E-07;1,56E-07;1,21E-07;2,49E-07;1,47E-07;1,71E-07;2,27E-07;1,25E-07;1,31E-07;2,15E-07;2,08E-07;1,12E-07;1,11E-07;1,30E-07;1,47E-07;2,02E-07;1,80E-07;2,20E-07;2,12E-07;1,24E-07;9,61E-08;1,40E-07;1,57E-07;1,82E-07;1,10E-07;1,69E-07;1,89E-07;1,22E-07;2,33E-07;2,22E-07;1,92E-07;1,82E-07;2,32E-07;1,62E-07;1,66E-07;1,63E-08;1,01E-07;2,47E-07;1,42E-07;2,17E-07;2,46E-07;1,98E-07;1,72E-07;1,55E-07;1,51E-07;5,21E-08;7,85E-08;4,80E-08;7,37E-08;1,17E-07;1,29E-07;6,54E-08;1,09E-07;1,46E-07;9,96E-08;1,89E-07;1,75E-07;1,92E-07;1,65E-07;1,11E-07;9,83E-08;2,32E-07;1,84E-07;2,65E-08;1,90E-07;2,40E-07;1,24E-07;8,22E-08;1,43E-07;1,49E-07;1,56E-07;1,38E-07;1,04E-07;1,11E-07;1,17E-07;1,75E-07;2,32E-07;2,21E-07;1,13E-07;1,20E-07;8,18E-08;7,95E-08;1,85E-07;5,16E-08;4,87E-08;6,75E-09;2,96E-07;2,46E-07;2,18E-07;1,90E-07;7,54E-08;1,25E-07;4,80E-07;1,11E-07;3,22E-07;1,96E-07;1,31E-07;9,48E-08;2,89E-07;4,29E-07;2,57E-07;2,56E-07;3,95E-07;1,69E-07;1,76E-07;3,16E-07;2,26E-07;3,04E-07;4,70E-07
52;52 (2018.07.09. 15:13:28);g255;255;2,56;0,00E+00;0,00E+00;0,00E+00;0,00E+00;4,03E-08;3,35E-07;0,00E+00;0,00E+00;1,99E-07;1,16E-07;0,00E+00;0,00E+00;5,36E-08;1,91E-07;0,00E+00;4,48E-08;1,99E-08;8,52E-08;2,43E-08;2,26E-08;7,96E-08;4,69E-08;1,46E-07;2,19E-07;1,13E-07;2,39E-07;1,59E-07;2,34E-07;2,73E-07;2,97E-07;3,00E-07;4,05E-07;3,35E-07;2,49E-07;3,88E-07;3,39E-07;4,38E-07;3,23E-07;4,18E-07;5,70E-07;5,36E-07;4,85E-07;5,35E-07;4,50E-07;5,33E-07;4,60E-07;5,19E-07;5,15E-07;5,49E-07;4,65E-07;5,29E-07;5,80E-07;5,67E-07;5,63E-07;5,47E-07;5,27E-07;5,40E-07;6,33E-07;5,40E-07;5,28E-07;4,99E-07;6,09E-07;5,89E-07;5,31E-07;6,70E-07;6,07E-07;6,31E-07;6,01E-07;6,44E-07;6,97E-07;7,01E-07;7,32E-07;7,55E-07;6,85E-07;8,19E-07;8,25E-07;8,82E-07;9,76E-07;9,62E-07;1,04E-06;1,18E-06;1,19E-06;1,34E-06;1,36E-06;1,51E-06;1,53E-06;1,71E-06;1,90E-06;2,04E-06;2,29E-06;2,53E-06;2,74E-06;2,98E-06;3,22E-06;3,52E-06;3,89E-06;4,24E-06;4,66E-06;5,08E-06;5,61E-06;6,25E-06;6,81E-06;7,50E-06;8,21E-06;9,09E-06;9,87E-06;1,09E-05;1,19E-05;1,31E-05;1,43E-05;1,57E-05;1,71E-05;1,87E-05;2,05E-05;2,23E-05;2,43E-05;2,65E-05;2,88E-05;3,12E-05;3,39E-05;3,67E-05;3,96E-05;4,28E-05;4,60E-05;4,95E-05;5,30E-05;5,67E-05;6,07E-05;6,47E-05;6,88E-05;7,31E-05;7,73E-05;8,13E-05;8,54E-05;8,94E-05;9,32E-05;9,68E-05;1,00E-04;1,03E-04;1,06E-04;1,08E-04;1,10E-04;1,11E-04;1,12E-04;1,12E-04;1,12E-04;1,11E-04;1,10E-04;1,08E-04;1,06E-04;1,03E-04;1,00E-04;9,72E-05;9,38E-05;9,03E-05;8,68E-05;8,32E-05;7,96E-05;7,62E-05;7,27E-05;6,94E-05;6,62E-05;6,31E-05;6,01E-05;5,72E-05;5,44E-05;5,17E-05;4,92E-05;4,68E-05;4,44E-05;4,22E-05;4,01E-05;3,80E-05;3,61E-05;3,42E-05;3,24E-05;3,07E-05;2,90E-05;2,76E-05;2,60E-05;2,45E-05;2,31E-05;2,18E-05;2,06E-05;1,94E-05;1,83E-05;1,73E-05;1,63E-05;1,54E-05;1,44E-05;1,36E-05;1,28E-05;1,21E-05;1,13E-05;1,06E-05;9,87E-06;9,25E-06;8,71E-06;8,06E-06;7,56E-06;7,12E-06;6,65E-06;6,15E-06;5,70E-06;5,36E-06;4,94E-06;4,62E-06;4,34E-06;4,06E-06;3,71E-06;3,53E-06;3,29E-06;3,00E-06;2,85E-06;2,61E-06;2,39E-06;2,25E-06;2,10E-06;1,97E-06;1,84E-06;1,66E-06;1,61E-06;1,50E-06;1,41E-06;1,30E-06;1,26E-06;1,14E-06;1,13E-06;1,03E-06;9,80E-07;9,15E-07;8,07E-07;8,53E-07;6,51E-07;6,77E-07;6,74E-07;6,50E-07;6,17E-07;5,90E-07;4,85E-07;5,72E-07;5,02E-07;5,23E-07;4,88E-07;4,26E-07;3,75E-07;3,49E-07;2,62E-07;2,69E-07;2,47E-07;3,16E-07;2,98E-07;2,46E-07;2,41E-07;2,77E-07;1,46E-07;3,08E-07;1,36E-07;2,07E-07;2,04E-07;1,63E-07;1,35E-07;1,92E-07;2,15E-07;2,13E-07;2,29E-07;2,03E-07;9,16E-08;1,34E-07;1,40E-07;1,18E-07;8,22E-08;8,61E-08;1,27E-07;9,02E-08;1,37E-07;2,07E-07;2,22E-07;2,49E-07;2,32E-07;2,53E-07;1,90E-07;2,14E-07;2,41E-07;1,93E-07;2,27E-07;1,20E-07;1,54E-07;2,22E-07;1,77E-07;1,45E-07;1,51E-07;1,75E-07;1,79E-07;1,84E-07;1,71E-07;1,20E-07;1,52E-07;1,06E-07;2,31E-07;2,48E-07;1,37E-07;1,77E-07;2,18E-07;2,47E-07;2,14E-07;1,53E-07;2,08E-07;1,93E-07;4,15E-08;1,86E-07;2,20E-07;1,14E-07;8,83E-08;1,71E-07;2,12E-07;1,44E-07;1,85E-07;1,59E-07;1,27E-07;1,67E-07;1,47E-07;1,86E-07;1,99E-07;1,46E-07;1,18E-07;1,34E-08;1,83E-07;2,29E-07;1,70E-07;1,47E-07;1,52E-07;1,52E-07;1,33E-07;1,31E-07;1,66E-07;1,71E-07;1,91E-07;1,61E-07;1,78E-07;2,25E-07;1,85E-07;2,03E-07;1,39E-07;1,65E-07;1,65E-07;6,29E-08;1,45E-07;1,14E-07;9,32E-08;1,10E-07;2,56E-08;1,49E-07;4,73E-08;5,47E-08;1,34E-07;1,74E-07;2,58E-07;5,72E-08;1,58E-07;1,45E-07;4,09E-08;2,40E-07;2,45E-07;2,36E-07;1,97E-07;3,66E-08;2,82E-07;3,16E-09;3,29E-07;1,28E-07;2,03E-07;3,33E-07;2,01E-07;2,61E-07;3,36E-07;3,15E-07;2,89E-07;2,70E-07;2,31E-07;6,64E-08;2,03E-07;1,21E-07;6,67E-08;3,86E-07;2,46E-07;3,98E-07;3,49E-07;3,06E-07;2,51E-07;1,42E-07;2,00E-07;3,02E-07;1,28E-08;1,64E-07;2,62E-07;4,77E-07;3,92E-07;4,43E-07;5,65E-07;6,28E-07
